Geography,Estimate; Total:,Estimate; Male:,Estimate; Male: - Never married,Estimate; Male: - Now married:,Estimate; Male: - Divorced,Estimate; Female:,Estimate; Female: - Never married,Estimate; Female: - Now married:,Estimate; Female: - Divorced,% of population 15+ that are divorced,% of Pop 15+ Now Married,,per_below_pov
"Birmingham city, Alabama",175524,81571,40412,28784,9786,93953,41038,29980,14191,13.6602402,33.47918233,46.40391058,24.5
"Hoover city, Alabama",67512,31937,8841,20494,2038,35575,9915,19595,3977,8.909527195,59.38055457,27.78172769,5.4
"Huntsville city, Alabama",157649,76123,30514,35046,8125,81526,27139,35014,11724,12.59062855,44.44049756,36.57048253,17.3
"Mobile city, Alabama",160649,76849,34560,31236,9063,83800,31941,30592,11998,13.10994777,38.48638958,41.39521566,21.4
"Montgomery city, Alabama",160512,73924,31171,30241,9415,86588,32421,32028,13372,14.19644637,38.79398425,39.61822169,19.3
"Tuscaloosa city, Alabama",84108,39030,21976,12515,3897,45078,23652,12795,4988,10.56379893,30.09226233,54.24929852,24.7
"Anchorage municipality, Alaska",236408,120340,49747,58724,10116,116068,37620,57636,15728,10.93194816,49.21999256,36.95602518,6.3
"Avondale city, Arizona",63806,31995,12562,15370,3517,31811,9804,15355,5155,13.59119832,48.15377864,35.0531298,14.4
"Chandler city, Arizona",195268,96032,34183,50642,9205,99236,27374,51375,14608,12.19503452,52.24460741,31.52436651,7.1
"Gilbert town, Arizona",175409,83153,22701,52393,6623,92256,25423,50741,12775,11.05872561,58.79629894,27.43530834,5
"Glendale city, Arizona",197548,97306,39723,41581,13569,100242,33107,41845,17140,15.54508271,42.23074898,36.86698929,16.4
"Mesa city, Arizona",383994,185585,64637,95493,20813,198409,61468,95182,26380,12.29003578,49.65572379,32.84035688,16.8
"Peoria city, Arizona",132684,63402,19103,35602,6634,69282,17413,35587,9820,12.40089235,53.65304031,27.5210274,7.7
"Phoenix city, Arizona",1252030,617076,267776,273652,61509,634954,224562,276304,90033,12.10370359,43.92514556,39.32317916,20.3
"Scottsdale city, Arizona",216214,105019,33521,56715,11654,111195,28102,56412,16842,13.17953509,52.3217738,28.50092963,8
"Surprise city, Arizona",104724,49363,11501,31721,4967,55361,12088,31290,6570,11.01657691,60.16863374,22.52492265,9.7
"Tempe city, Arizona",161163,84452,47953,28467,7129,76711,35120,26675,10687,11.05464654,34.21504936,51.54595037,20.3
"Tucson city, Arizona",436326,215491,102737,81247,26156,220835,84913,82249,38705,14.8652613,37.47106521,43.00683434,24.1
"Yuma city, Arizona",72393,37748,13522,20734,2670,34645,9100,17823,4974,10.55903195,53.26067437,31.24887765,16.7
"Fayetteville city, Arkansas",69972,35198,19517,10907,3950,34774,17594,12127,3366,10.45561082,32.91888184,53.03692906,25.2
"Fort Smith city, Arkansas",70514,33755,12138,16675,3935,36759,9275,16742,6933,15.41254219,47.3905891,30.36701932,21.6
"Jonesboro city, Arkansas",60446,29721,11805,12092,4816,30725,10323,11816,5884,17.70175032,39.55265857,36.60788141,17.1
"Little Rock city, Arkansas",161345,76297,30400,33063,10382,85048,28459,36594,12508,14.18699061,43.17270445,36.48021321,18.8
"Springdale city, Arkansas",59294,29777,9758,16229,3285,29517,7630,15889,3732,11.83424967,54.16736938,29.32505818,15.6
"Alameda city, California",64366,31721,10557,17754,2675,32645,8964,16853,4142,10.59099525,53.7659634,30.32812354,6.8
"Alhambra city, California",72652,35058,15516,16938,2225,37594,13242,17624,2799,6.915157188,47.57198701,39.58321863,12.7
"Anaheim city, California",277822,130481,51388,67031,9325,147341,52848,67954,13115,8.077114123,48.58686497,37.51898698,15
"Antioch city, California",88721,40703,14833,22678,2038,48018,15214,23147,6107,9.180464603,51.65068022,33.866841,12
"Apple Valley town, California",57960,27100,9644,14616,2472,30860,10077,14418,4084,11.31124914,50.0931677,34.02518979,16.8
"Bakersfield city, California",282273,137280,55554,68821,11098,144993,51289,70050,15008,9.24849348,49.19740818,37.85094572,20
"Baldwin Park city, California",60818,32127,14464,16174,1126,28691,9513,15407,1891,4.960702424,51.92706107,39.42418363,12.9
"Bellflower city, California",61264,28809,11135,14887,2328,32455,11576,14409,4529,11.19254375,47.81927396,37.07071037,13.5
"Berkeley city, California",107620,50379,28536,18157,3405,57241,31354,18077,5312,8.099795577,33.66846311,55.64950753,16.1
"Buena Park city, California",70079,33827,14116,16238,2606,36252,12671,16894,3118,8.167924771,47.27807189,38.22400434,12
"Burbank city, California",88534,43636,17232,21638,3819,44898,15230,21215,3791,8.595567804,48.40287347,36.66613956,10.5
"Carlsbad city, California",91058,42778,13058,25928,2639,48280,12624,26385,5454,8.887741879,57.45019658,28.20400184,5.2
"Carson city, California",77087,35485,14477,18058,2487,41602,16659,17738,3430,7.675742992,46.43584521,40.39072736,8.5
"Chico city, California",76817,36144,18799,13209,3432,40673,19947,11185,5203,11.24100134,31.75599151,50.43935587,26.6
"Chino city, California",73251,44394,19210,17929,5907,28857,8084,15627,3493,12.83258932,45.80961352,37.26092477,15.8
"Chino Hills city, California",64303,31228,10985,18271,1682,33075,11176,17482,2567,6.607778797,55.60082733,34.46339984,6.5
"Chula Vista city, California",211224,104301,39276,56737,6219,106923,29643,55829,11431,8.356058024,53.29223952,32.6283945,10.5
"Citrus Heights city, California",72183,34442,13290,16880,3768,37741,10348,16742,6801,14.64195171,46.57883435,32.74732278,12.8
"Clovis city, California",81646,40818,14532,21762,3797,40828,11389,21028,5613,11.5253656,52.4091811,31.7480342,14.2
"Compton city, California",73499,36180,17941,15350,1931,37319,17389,14684,2318,5.781031034,40.863141,48.06868121,26.5
"Concord city, California",104970,52176,19960,27422,4225,52794,15589,26150,7364,11.04029723,51.03553396,33.86586644,11
"Corona city, California",137126,68869,27805,35181,4376,68257,21090,33622,7826,8.898385427,50.17502151,35.656987,11.8
"Costa Mesa city, California",93059,47341,21736,21918,3369,45718,16544,20893,5173,9.179122922,46.00414791,41.1351938,11.6
"Daly City city, California",91989,46077,19717,21655,3192,45912,15205,22182,4285,8.128145757,47.65461088,37.96323473,6.6
"Downey city, California",89333,43711,18930,20549,3561,45622,15681,21638,5545,10.19332162,47.22442994,38.74380128,7.7
"El Cajon city, California",76549,37716,14071,18419,4102,38833,11055,17779,5686,12.78658114,47.28735842,32.82342029,26.7
"Elk Grove city, California",133450,61938,20251,35709,4987,71512,22384,36131,7808,9.587860622,53.83289622,31.94829524,7.1
"El Monte city, California",92474,47107,21206,22375,2408,45367,17720,21446,2880,5.718364081,47.38737375,42.09399399,20.7
"Escondido city, California",119597,60438,23742,30722,4843,59159,18668,28846,6902,9.820480447,49.80726941,35.4607557,14.7
"Fairfield city, California",91797,44355,17474,23873,2516,47442,13967,23826,6424,9.738880356,51.96139307,34.25057464,10.3
"Folsom city, California",60995,31939,9788,18030,3669,29056,5550,17781,3708,12.09443397,58.71136978,25.14632347,6
"Fontana city, California",159929,77540,31589,39910,4686,82389,27528,41333,7442,7.583365118,50.79941724,36.96452801,11.8
"Fremont city, California",184534,91179,26569,58634,4159,93355,21848,58106,6057,5.536107167,63.26205469,26.23744134,3.1
"Fresno city, California",396338,189651,86535,83623,14434,206687,80164,84614,28111,10.73452457,42.44786016,42.05980754,28.1
"Fullerton city, California",116551,57958,24946,28145,3870,58593,20240,28302,5762,8.264193357,48.43115889,38.76929413,14
"Garden Grove city, California",141795,72570,31386,35536,3859,69225,23740,35139,5913,6.891639338,49.84308332,38.87725237,14
"Glendale city, California",169528,79358,28197,43516,5270,90170,27737,44571,8539,8.145557076,51.96014818,32.9939597,14.4
"Hawthorne city, California",66957,31014,15163,12965,2348,35943,15109,13699,4639,10.43505533,39.8225727,45.21110563,19.3
"Hayward city, California",130295,64504,28682,30808,3769,65791,24641,29857,6351,7.766990291,46.55972984,40.92482444,10.5
"Hemet city, California",62783,29544,7860,16737,3417,33239,7114,16813,5453,14.12802829,53.43803259,23.85040536,20.9
"Hesperia city, California",73842,38100,15736,17809,3726,35742,11626,18380,3890,10.31391349,49.00869424,37.05479267,20.7
"Huntington Beach city, California",169681,83639,30191,43289,8175,86042,24822,41661,12827,12.37734337,50.06453286,32.42142609,8.2
"Indio city, California",70482,34232,13765,16928,2655,36250,11561,17537,4289,9.852160835,48.89900968,35.93257853,19.3
"Inglewood city, California",92919,43738,20907,17391,4014,49181,20752,17223,7971,12.8983308,37.25179995,44.83367234,14.9
"Irvine city, California",213258,103408,35689,60850,5676,109850,34691,60613,10070,7.383544814,56.9558938,33.00227893,12.7
"Lake Forest city, California",68763,33325,10076,20752,1731,35438,9526,19643,3984,8.311155709,58.74525544,28.50660966,8.1
"Lakewood city, California",64603,30778,11987,15741,2418,33825,11265,15914,4330,10.44533536,48.99927248,35.99213659,10.1
"Lancaster city, California",124388,59429,27874,25763,4132,64959,28609,25356,6024,8.164774737,41.09640801,45.4087211,24.8
"Livermore city, California",71986,34662,9396,22677,1934,37324,9259,21650,4163,8.469702442,61.57725113,25.9147612,5.2
"Long Beach city, California",377822,182923,90745,74544,13550,194899,84679,75211,23000,9.673867588,39.63638962,46.43032963,18.8
"Los Angeles city, California",3284123,1610239,786608,684922,109241,1673884,711891,676270,159198,8.173841236,41.44765589,45.62858943,19.5
"Lynwood city, California",53062,25930,12409,12116,962,27132,12159,11726,1193,4.061286797,44.9323433,46.30055407,21.3
"Manteca city, California",59052,27998,10769,14630,2172,31054,8684,15089,4280,10.92596356,50.32683059,32.94215268,11.2
"Menifee city, California",71251,32942,11209,18691,2259,38309,10036,18375,5056,10.26652258,52.02172601,29.81712537,8.2
"Merced city, California",62039,31428,14839,12725,3428,30611,11765,13212,3746,11.56369381,41.80757266,42.88270282,28.2
"Milpitas city, California",63007,31665,11680,17740,2000,31342,9260,18651,1913,6.210421064,57.75707461,33.23440253,7.8
"Mission Viejo city, California",80941,40861,12813,23615,3322,40080,8232,22946,5303,10.65590986,57.5246167,26.00042006,4.7
"Modesto city, California",162487,78113,29448,41577,5676,84374,24461,41842,10677,10.06418975,51.33887634,33.17742342,13.7
"Moreno Valley city, California",154385,72929,30861,35262,5751,81456,33223,34935,7747,8.743077372,45.46879554,41.50921398,16.4
"Mountain View city, California",65791,34857,15209,16930,2330,30934,9490,16586,3223,8.440364184,50.94313812,37.54160903,11.6
"Murrieta city, California",85495,42348,15157,24131,2461,43147,11459,23642,5042,8.77595181,55.87812153,31.13164513,11.9
"Napa city, California",65621,30375,9827,17140,2671,35246,9785,16452,4603,11.08486613,51.19092973,29.88677405,7.8
"Newport Beach city, California",73778,33888,9185,21788,2416,39890,11583,21278,4426,9.273767248,58.37241454,28.1493128,6.7
"Norwalk city, California",84646,41944,20525,18075,2500,42702,16879,17983,3832,7.480566122,42.59858706,44.18873898,17.3
"Oakland city, California",349913,170770,81536,73251,13497,179143,78535,69115,18417,9.120552823,40.68611341,45.74594256,18.9
"Oceanside city, California",142012,68059,23901,35868,6043,73953,19350,36322,11156,12.11094837,50.83373236,30.45587697,11
"Ontario city, California",135277,64012,28131,31807,3248,71265,27788,31615,6276,7.040369021,46.88306216,41.33666477,14.6
"Orange city, California",113872,56730,21714,29753,4146,57142,19273,27600,6449,9.30430659,50.36620065,35.993923,9
"Oxnard city, California",157389,78613,36694,35562,4382,78776,29597,36457,6821,7.118032391,45.75859812,42.11920782,14.8
"Palmdale city, California",115900,55416,23222,27818,3464,60484,21983,28046,5915,8.092320966,48.20017256,39.00345125,18.1
"Pasadena city, California",120440,56025,25186,25471,4056,64415,26851,25622,7026,9.201262039,42.42195284,43.2057456,14.3
"Perris city, California",57833,27014,12231,12292,2185,30819,14206,11853,3186,9.287085228,41.74952017,45.7126554,21
"Pleasanton city, California",65354,30641,6548,21588,1664,34713,6506,22372,3312,7.613918046,67.26443676,19.97429385,6.2
"Pomona city, California",119169,59680,31495,23884,3379,59489,28368,23365,4734,6.807978585,39.64873415,50.23370172,20.8
"Rancho Cucamonga city, California",144350,71935,29585,35842,5481,72415,22080,36145,9269,10.21821961,49.869761,35.79147904,8.4
"Redding city, California",75592,36999,12024,18254,5428,38593,10876,18455,5882,14.96190073,48.56201714,30.29421103,20.3
"Redlands city, California",57339,24988,9583,12679,1902,32351,11397,13075,4513,11.18784771,44.91532814,36.58940686,12.6
"Redondo Beach city, California",57417,28706,8972,15907,2910,28711,7315,16165,3890,11.84318233,55.85802114,28.36616333,4.9
"Redwood City city, California",70269,34609,12897,19260,2144,35660,11678,17381,4225,9.063740768,52.14390414,34.97274758,8.6
"Rialto city, California",78215,40493,19449,17328,2826,37722,13273,18007,4274,9.077542671,45.17675638,41.83596497,18.1
"Richmond city, California",88937,43606,19289,20720,2922,45331,16750,21019,3647,7.386127259,46.93097361,40.5219425,14.5
"Riverside city, California",259407,126890,56849,56824,10979,132517,53232,55147,14537,9.83628044,43.16421685,42.43563204,15.1
"Roseville city, California",107548,50441,16113,28964,3938,57107,13317,29727,9175,12.19269535,54.57191208,27.36452561,7.4
"Sacramento city, California",402212,198227,89831,86666,16942,203985,75709,86115,24663,10.34404742,42.95769395,41.15739958,19
"Salinas city, California",117831,58337,28657,25503,2869,59494,25289,26473,4390,6.16051803,44.11063303,45.78251903,14.8
"San Bernardino city, California",160292,76831,39494,29924,5780,83461,35890,31918,8925,9.173882664,38.58083997,47.02917176,29.4
"San Buenaventura (Ventura) city, California",90645,46383,17462,22379,4687,44262,13199,21607,6255,12.07126703,48.52556677,33.82536268,8.2
"San Diego city, California",1174089,591935,268999,266362,44658,582154,210272,263755,72037,9.93919541,45.15134713,40.82067032,13.1
"San Francisco city, California",770100,392407,196675,163899,25041,377693,157615,157302,34476,7.728476821,41.70899883,46.00571354,10.1
"San Jose city, California",829563,417690,167240,219180,24573,411873,125580,219070,40754,7.874869058,52.82901962,35.29810274,10.7
"San Leandro city, California",75632,35392,11695,18984,3320,40240,12289,19204,4142,9.866194204,50.4918553,31.71144489,10.2
"San Marcos city, California",71737,34686,11092,20511,2186,37051,9975,20064,4840,9.794109037,56.56077059,29.36699332,11.6
"San Mateo city, California",86431,42629,15024,23053,3805,43802,13938,22423,4527,9.640059701,52.61538106,33.5088105,6.9
"San Ramon city, California",59926,29379,7837,20043,1266,30547,7079,19201,2938,7.015318893,65.4874345,24.89069853,3.2
"Santa Ana city, California",259701,134257,63817,61891,6184,125444,49517,58664,9756,6.137827733,46.42069149,43.64018621,17.2
"Santa Barbara city, California",78524,38785,15469,17905,4708,39739,13757,17899,5347,12.80500229,45.59625083,37.21919413,15.8
"Santa Clara city, California",102630,52928,19663,29907,2831,49702,15733,27659,2992,5.673779597,56.09081165,34.48894086,7.1
"Santa Clarita city, California",150325,74240,26737,40139,5511,76085,21002,40724,9020,9.666389489,53.79211708,31.75719275,7.2
"Santa Maria city, California",78690,39812,17424,18994,2472,38878,13634,18366,3496,7.58419113,47.47744313,39.46880163,15
"Santa Monica city, California",82639,41590,19530,15981,5430,41049,16474,16316,5638,13.39319208,39.08203149,43.56780697,11.2
"Santa Rosa city, California",142622,68470,26106,32233,8569,74152,23005,30893,13038,15.14983663,44.26105369,34.43437899,9.3
"Simi Valley city, California",103654,50819,19038,26636,4110,52835,16439,26539,6395,10.13467884,51.30048044,34.2263685,4.6
"South Gate city, California",73212,35614,17059,16092,1640,37598,17055,15626,2746,5.990821177,43.32349888,46.59618642,18.8
"Stockton city, California",234448,113722,51699,48701,9980,120726,45382,50534,12984,9.794922541,42.32708319,41.40832935,17.7
"Sunnyvale city, California",123317,64046,20761,38675,3340,59271,13185,38133,4101,6.034042346,62.28500531,27.52742931,7
"Temecula city, California",87083,42647,12684,25822,3835,44436,13018,24832,3734,8.691707911,58.16749538,29.51437135,8.1
"Thousand Oaks city, California",108409,51569,18369,27832,4658,56840,16619,27630,8070,11.74072263,51.15995904,32.27407319,7.5
"Torrance city, California",121323,57074,18046,33689,3951,64249,17577,35390,6484,8.601007229,56.93809088,29.362116,5.1
"Tracy city, California",70216,34264,12589,18407,2712,35952,10348,19023,3211,8.435399339,53.30693859,32.66634385,6.7
"Turlock city, California",59834,28627,9808,15011,2799,31207,10775,15110,2362,8.625530635,50.34094328,34.40017381,13
"Tustin city, California",65213,33114,15768,14842,1891,32099,11052,14979,4564,9.898333154,45.72861239,41.1267692,10.2
"Union City city, California",63757,32292,13352,17287,1222,31465,8668,17478,2705,6.159323682,54.52734602,34.53738413,6.8
"Upland city, California",64261,31031,13060,14870,2591,33230,11665,15595,3832,9.995175923,47.40822583,38.47590296,15.6
"Vacaville city, California",79297,41566,14891,21841,3813,37731,9650,20253,5012,11.1290465,53.08397543,30.94820737,5.6
"Vallejo city, California",99633,48138,18549,23555,5080,51495,16434,23975,6455,11.57748939,47.70507763,35.11186053,16.9
"Victorville city, California",90694,43770,19587,20651,3049,46924,17489,19182,6318,10.32813637,43.92021523,40.88032284,22.9
"Visalia city, California",94814,44267,14805,23300,5578,50547,17852,22862,6139,12.35787964,48.68690278,34.44322568,20.4
"Vista city, California",79825,41499,17613,19392,3680,38326,12084,19646,3809,9.381772628,48.90447855,37.20263075,13.5
"West Covina city, California",86154,42897,17086,21959,3033,43257,14105,21322,3507,7.591057873,50.23678529,36.20377464,10.8
"Westminster city, California",75765,37824,14946,19556,2481,37941,11263,19555,3907,8.431333729,51.6214611,34.59248994,17.7
"Whittier city, California",69733,34013,13300,16425,2739,35720,13247,16123,3443,8.865243142,46.67517531,38.06949364,9.4
"Arvada city, Colorado",95938,46970,15669,25041,4970,48968,13690,26047,5902,11.33231879,53.25105797,30.60205549,5.4
"Aurora city, Colorado",284117,139293,57164,65849,13618,144824,47737,66639,20026,11.84160047,46.63149336,36.92176111,12.2
"Boulder city, Colorado",96451,50728,29297,16896,4208,45723,22885,16691,4805,9.34464132,34.82286342,54.10208292,19.3
"Centennial city, Colorado",90708,45525,12162,27921,4459,45183,8887,28376,5657,11.15226882,62.06398554,23.20522997,2.7
"Colorado Springs city, Colorado",372224,184904,65657,95223,20040,187320,51578,96472,26956,12.62573074,51.49990328,31.49581972,13.2
"Denver city, Colorado",571506,285756,133048,117264,28584,285750,110950,119348,37220,11.51413983,41.4014901,42.69386498,13.7
"Fort Collins city, Colorado",136879,68505,34098,28739,4922,68374,29092,28707,7098,8.781478532,41.96845389,46.16486094,15.7
"Greeley city, Colorado",82763,40145,15062,20302,4081,42618,14470,19631,4569,10.45153027,48.24982178,35.6826118,17.3
"Lakewood city, Colorado",130637,62671,22783,30673,7610,67966,20126,30918,12154,15.12894509,47.14667361,32.84597779,8.6
"Longmont city, Colorado",73282,33716,10208,19013,3642,39566,10672,19705,6120,13.32114298,52.83425671,28.49267214,7.5
"Loveland city, Colorado",63814,31893,10516,17144,3328,31921,6476,18504,4436,12.16660921,55.86234995,26.62738584,9.5
"Pueblo city, Colorado",89526,44973,18642,17494,7833,44553,14410,17493,8223,17.9344548,39.08026718,36.9188839,24.2
"Thornton city, Colorado",106201,53266,18796,27557,5510,52935,15100,28295,7136,11.90760916,52.59084189,31.91683694,8
"Westminster city, Colorado",89609,43871,14609,22966,4761,45738,12459,23181,7233,13.38481626,51.49817541,30.20678726,8.7
"Bridgeport city, Connecticut",117582,57007,29124,20853,5967,60575,26109,20814,8452,12.2629314,35.43654641,46.97402664,21.9
"Danbury city, Connecticut",69712,35482,12756,17533,4163,34230,10038,16495,4456,12.36372504,48.81225614,32.69738352,8.9
"Hartford city, Connecticut",96616,46027,29113,11719,3780,50589,27259,11877,7814,12.0000828,24.42245591,58.34644365,27.3
"New Britain city, Connecticut",58730,29516,15515,9879,2939,29214,12505,9605,4663,12.94398093,33.17554912,47.70985868,22.4
"New Haven city, Connecticut",104883,47839,28303,15426,3637,57044,31422,15759,6468,9.63454516,29.7331312,56.94440472,24.5
"Norwalk city, Connecticut",71949,33758,12543,18701,1802,38191,12593,17571,4452,8.692268134,50.41348733,34.93585734,7.7
"Stamford city, Connecticut",107276,53284,22451,26112,3920,53992,18063,25998,6311,9.53708192,48.57563668,37.76613595,8.3
"Waterbury city, Connecticut",85697,39961,19268,15588,3233,45736,18553,17491,5944,10.70865958,38.59995099,44.13340024,21.9
"Wilmington city, Delaware",56410,26549,16774,6607,2438,29861,16374,6598,3897,11.23027832,23.40897004,58.76263074,27.7
"Washington city, District of Columbia",576040,270633,155103,89163,21625,305407,170936,84880,29600,8.892611624,30.21370044,56.6000625,18.6
"Boca Raton city, Florida",84569,40799,13642,20921,4438,43770,12990,20217,6184,12.56015798,48.64430229,31.49144486,8.7
"Boynton Beach city, Florida",64433,27627,8498,14775,3107,36806,13565,13236,6001,14.13561374,43.47306504,34.24177052,14.4
"Cape Coral city, Florida",152259,73397,20990,39097,10138,78862,18268,41319,9619,12.97591604,52.81526872,25.78369752,11.9
"Clearwater city, Florida",93736,44449,15058,22085,5786,49287,13046,21868,7471,14.14291201,46.89020227,29.98207732,16.7
"Coral Springs city, Florida",103409,48855,15698,27260,4802,54554,16286,26586,8166,12.54049454,52.07090292,30.92960961,9.3
"Davie town, Florida",83259,39404,14357,19467,4786,43855,14641,18260,7846,15.17193336,45.31281903,34.82866717,13.8
"Deerfield Beach city, Florida",65407,30289,11657,12572,4513,35118,11914,12444,6710,17.1587139,38.24667085,36.03742719,11.5
"Deltona city, Florida",74927,34926,11925,18849,3047,40001,10925,18062,7164,13.62793119,49.26261561,30.49634978,15.5
"Fort Lauderdale city, Florida",153274,80921,37084,29854,11811,72353,26858,27717,12256,15.70194554,37.56083876,41.71744719,33.4
"Gainesville city, Florida",117738,54960,35525,14670,3851,62778,37514,14300,6887,9.120250047,24.60547996,62.03519679,22.5
"Hialeah city, Florida",204460,94551,34579,47523,8139,109909,32262,48167,16827,12.21070136,46.80133033,32.69148,12.8
"Hollywood city, Florida",128532,62109,23590,28697,8088,66423,18425,28414,12232,15.80929263,44.43329288,32.68835776,14.9
"Jacksonville city, Florida",708690,338907,131673,152972,46113,369783,120357,156463,60204,15.00190492,43.66295559,35.56279897,15.2
"Lakeland city, Florida",88369,41395,13899,18376,6673,46974,14734,19529,7019,15.49412124,42.89400129,32.40163406,14.6
"Largo city, Florida",72496,33415,10992,15721,5720,39081,8753,15867,9190,20.56665195,43.57205915,27.23598543,22.7
"Melbourne city, Florida",68991,33784,12627,13847,5959,35207,9176,15189,6137,17.53272166,42.08664898,31.60267281,24.9
"Miami city, Florida",387609,188932,81505,78550,24094,198677,74242,74765,28286,13.5136181,39.55403512,40.18147153,13.5
"Miami Beach city, Florida",80346,44102,18800,17851,6937,36244,10457,15104,8203,18.84350185,41.01635427,36.41376049,24
"Miami Gardens city, Florida",92273,43734,21291,16580,4570,48539,23795,16166,5060,10.43642236,35.48817097,48.86153046,12.4
"Miramar city, Florida",115803,55819,28061,24146,3507,59984,26017,24607,6674,8.791654793,42.0999456,46.69827207,19.4
"Orlando city, Florida",228408,111854,51918,42153,15130,116554,49846,41688,18121,14.55772127,36.70668278,44.55360583,17.4
"Palm Bay city, Florida",93306,45202,15406,22261,5477,48104,13418,22230,8489,14.9679549,47.68289285,30.89190406,11.8
"Pembroke Pines city, Florida",142560,65515,24083,34774,5209,77045,27294,33703,9803,10.53030303,48.03381033,36.03886083,8.4
"Plantation city, Florida",77474,35539,11798,17928,5020,41935,13231,18151,7140,15.6955882,46.56917159,32.30632212,18.2
"Pompano Beach city, Florida",87162,44043,17974,18658,5809,43119,14722,17307,6373,13.97627406,41.26224731,37.51175971,14.1
"Port St. Lucie city, Florida",153656,74133,23310,42385,5934,79523,22935,39193,10927,10.97321289,53.09132087,30.09644921,12.8
"St. Petersburg city, Florida",226818,109728,44570,44614,17101,117090,41443,44131,19286,16.04237759,39.12608347,37.92159352,14.7
"Sunrise city, Florida",76700,35510,13579,17419,3447,41190,13662,17098,6126,12.48109518,45.00260756,35.51629726,26.1
"Tallahassee city, Florida",164252,75428,42872,25434,6099,88824,48703,27215,8730,9.02820057,32.05379539,55.75274578,19.8
"Tampa city, Florida",308862,145685,63527,61427,17415,163177,63463,61507,24753,13.65269926,39.80224178,41.11544962,17
"West Palm Beach city, Florida",93579,45231,20560,17086,5709,48348,17771,17512,8327,14.99909168,36.97197021,40.96111307,32.5
"Albany city, Georgia",59185,25881,12842,8995,3480,33304,14897,11016,3515,11.81887303,33.81093182,46.86829433,27.9
"Athens-Clarke County unified government (balance), Georgia",104454,48766,28305,16545,3137,55688,28609,17713,5946,8.695693798,32.79721217,54.48714267,22.4
"Atlanta city, Georgia",394222,195266,115029,56794,18443,198956,103619,52659,25591,11.16984846,27.76430539,55.46316542,25.4
"Augusta-Richmond County consolidated government (balance), Georgia",157938,75483,33999,30902,8822,82455,31500,32603,11112,12.6214084,40.20881612,41.47133685,21.7
"Columbus city, Georgia",156216,76074,32551,35007,6489,80142,26864,33060,12385,12.08198904,43.57236135,38.03387617,4.9
"Johns Creek city, Georgia",64853,30590,7171,21762,1514,34263,8378,20886,3506,7.740582548,65.76102879,23.97576057,26.3
"Macon-Bibb County, Georgia",120768,55446,25413,21881,6030,65322,25562,23195,8858,12.32776895,37.32445681,42.20902888,8.2
"Roswell city, Georgia",74449,37790,14899,20495,2070,36659,9873,20401,4595,8.952437239,54.93156389,33.27378474,11.2
"Sandy Springs city, Georgia",89667,42184,17709,21520,2220,47483,20477,19678,4759,7.783242441,45.94555411,42.58645879,23.5
"Savannah city, Georgia",121600,57569,31425,19218,5705,64031,29019,20049,9616,12.59950658,32.29194079,49.70723684,20.1
"Warner Robins city, Georgia",58832,27074,8617,15228,2273,31758,8132,16336,4326,11.2166848,53.65107425,28.46920044,11.3
"Urban Honolulu CDP, Hawaii",297790,145836,60346,71379,11053,151954,46612,71285,15741,8.99761577,47.90758588,35.91725713,14.5
"Boise City city, Idaho",180130,87420,31972,44577,9837,92710,29731,44814,13483,12.94620552,49.62582579,34.25470494,6.2
"Meridian city, Idaho",72559,37457,8808,23461,4663,35102,6091,20626,4770,13.0004548,60.76020893,20.5336347,15.7
"Nampa city, Idaho",66617,31734,10976,16027,4303,34883,10705,16080,6001,15.4675233,48.19640632,32.54574658,3.7
"Arlington Heights village, Illinois",60069,29233,8368,17723,2144,30836,6220,17737,3545,9.470775275,59.03211307,24.28540512,12.3
"Aurora city, Illinois",149235,73038,28891,37783,4827,76197,27052,37518,7574,8.309712869,50.45800248,37.48651456,10.7
"Bloomington city, Illinois",65607,32164,12555,15707,2631,33443,12049,15350,3400,9.192616642,47.3379365,37.50209581,8.5
"Bolingbrook village, Illinois",58697,29541,11410,16309,1512,29156,10370,15280,2430,6.715845784,53.8170605,37.10581461,21.5
"Champaign city, Illinois",77077,41544,23574,14584,2705,35533,16950,12784,3385,7.901189719,35.50734979,52.57599543,19.1
"Chicago city, Illinois",2221531,1066103,545486,417452,77469,1155428,547802,410523,107712,8.335737831,37.27046798,49.21326779,21.1
"Cicero town, Illinois",61568,31197,15803,13408,1684,30371,13932,13313,1040,4.424376299,43.40079262,48.29619283,22.9
"Decatur city, Illinois",58576,26889,9987,11399,4657,31687,11435,11154,5455,17.26304288,38.50211691,36.571292,14.9
"Elgin city, Illinois",90721,46815,19406,23412,3009,43906,12664,22607,5335,9.197429482,50.72585179,35.35013944,14.1
"Evanston city, Illinois",63325,28793,13967,12780,1369,34532,14297,13603,3601,7.848401105,41.66285038,44.63324122,11
"Joliet city, Illinois",112655,55451,22056,26761,5670,57204,18771,28131,5626,10.02707381,48.72575563,36.24073499,4.1
"Naperville city, Illinois",115184,56496,16232,35874,3299,58688,15941,36017,3767,6.134532574,62.41405056,27.93183081,5.5
"Palatine village, Illinois",54383,27444,10014,14940,2203,26939,7522,14734,3049,9.657429711,54.56484563,32.2453708,19.8
"Peoria city, Illinois",92322,44108,19144,18667,5159,48214,18763,18780,7336,13.53415221,40.56129633,41.05955244,22.6
"Rockford city, Illinois",117718,56758,22888,24415,7606,60960,21118,23716,9332,14.38862366,40.88669532,37.38255832,8.1
"Schaumburg village, Illinois",61291,30692,10583,17005,2855,30599,8436,16085,3213,9.900311628,53.98835066,31.03065703,18.5
"Springfield city, Illinois",95360,45258,19984,18849,5368,50102,16512,19842,8925,14.98846477,40.57361577,38.27181208,17.3
"Waukegan city, Illinois",64912,31765,14205,14066,2684,33147,13463,13913,4010,10.31242297,43.10297018,42.62386,38.1
"Bloomington city, Indiana",78596,39966,27224,9333,3010,38630,22114,9726,4343,9.355437936,24.24932567,62.77418698,3.9
"Carmel city, Indiana",70443,34392,9644,22399,2152,36051,7679,21354,4512,9.460130886,62.11121048,24.59151371,23.7
"Evansville city, Indiana",96935,46133,18982,17602,7493,50802,17545,17480,11549,19.6440914,36.19126219,37.68195182,2.9
"Fishers city, Indiana",67802,32734,8424,21609,2308,35068,8682,21294,3972,9.26226365,63.27689449,25.22934427,19
"Fort Wayne city, Indiana",204510,97172,38431,44920,11688,107338,35952,47423,14626,12.86685248,45.15329324,36.37132659,33.3
"Gary city, Indiana",59278,26271,12871,8874,3375,33007,14348,9280,4453,13.20557374,30.62518978,45.91754108,21.3
"Hammond city, Indiana",58899,27662,12679,11505,2896,31237,13043,12135,3479,10.8236133,40.13650486,43.67136963,18.9
"Indianapolis city (balance), Indiana",672929,318409,144013,131250,35647,354520,142098,138244,47343,12.33265322,40.04790996,42.51726408,19.3
"Lafayette city, Indiana",58344,26870,10846,12384,3012,31474,10817,13182,5443,14.49163582,43.81941588,37.12978198,28.1
"Muncie city, Indiana",60437,29268,14797,9624,4144,31169,15358,8882,3905,13.31800056,30.62031537,49.89493191,24.7
"South Bend city, Indiana",77991,36302,16742,15110,3639,41689,16020,15657,5719,11.99882038,39.44942365,42.00741111,11.9
"Cedar Rapids city, Iowa",105342,51843,18857,25829,5647,53499,16220,26442,6611,11.63638435,49.62028441,33.29820964,18.8
"Davenport city, Iowa",81025,39628,16803,18335,3270,41397,13102,18477,5958,11.38907745,45.43289108,36.90836162,16.2
"Des Moines city, Iowa",172608,85330,37515,34615,10933,87278,32600,34687,13434,14.11695866,40.14993511,40.62094457,29.4
"Iowa City city, Iowa",65309,30984,16793,11802,1980,34325,18368,12242,2141,6.310003215,36.81575281,53.83790902,14.9
"Sioux City city, Iowa",63464,31253,13190,13094,4240,32211,9349,15132,4096,13.13500567,44.47560822,35.51462246,18.7
"Waterloo city, Iowa",54092,27318,11023,12527,3206,26774,6708,13081,4610,14.44945648,47.34156622,32.7793389,19.8
"Kansas City city, Kansas",116645,57315,24646,24711,6399,59330,20353,26629,7794,12.16768828,44.01388829,38.57773587,20
"Lawrence city, Kansas",80982,40193,22964,14148,2158,40789,19477,14891,4154,7.794324665,35.85858586,52.40794251,5.6
"Olathe city, Kansas",104248,51800,16418,30607,4181,52448,13204,29895,6028,9.792993631,58.03660502,28.41493362,6.2
"Overland Park city, Kansas",150929,72167,22407,41960,6519,78762,20396,42220,10423,11.2251456,55.7745695,28.35969231,12.6
"Topeka city, Kansas",101071,47635,17873,22111,5747,53436,16046,22459,8364,13.96147263,44.09771349,33.55957693,17.8
"Wichita city, Kansas",306481,149716,56753,72253,16994,156765,47390,74522,22368,12.84321051,47.89040756,33.98024674,17.7
"Lexington-Fayette urban county, Kentucky",262002,127445,54954,59305,10820,134557,51884,56566,17269,10.72091053,44.22523492,40.77755132,15.7
"Louisville/Jefferson County metro government (balance), Kentucky",500277,240029,95635,106155,30441,260248,88709,108360,39234,13.92728428,42.8792449,36.84838599,27.8
"Baton Rouge city, Louisiana",183829,87971,46679,31041,7930,95858,42683,32413,11783,10.72355287,34.51794875,48.61148132,18.6
"Kenner city, Louisiana",52477,24553,8508,13071,2320,27924,9445,10968,3640,11.35735656,45.80863998,34.21117823,19.4
"Lafayette city, Louisiana",106482,50898,24713,20278,4339,55584,23349,20266,7796,11.39629233,38.07591893,45.13626716,27.5
"Lake Charles city, Louisiana",61579,29426,13237,10985,3946,32153,10665,13299,4591,13.86349242,39.43552185,38.8151805,23.7
"New Orleans city, Louisiana",324402,152805,81632,51105,16001,171597,81478,51334,24846,12.59147601,31.57779545,50.28020789,30.8
"Shreveport city, Louisiana",154236,71605,33254,27642,8527,82631,31814,29432,11869,13.22389066,37.00433103,42.18729739,18.9
"Portland city, Maine",57365,28482,14300,9520,4118,28883,12636,10023,4121,14.36241611,34.06781138,46.95546065,21.9
"Baltimore city, Maryland",505356,233706,132186,72307,22987,271650,141795,70302,32045,10.88974901,28.21951258,54.21544416,21
"Boston city, Massachusetts",581263,277043,160831,95373,16624,304220,167296,92551,25201,7.195537992,32.33028767,56.45069444,19.7
"Brockton city, Massachusetts",74658,34704,16794,14514,2610,39954,16548,15305,4205,9.128291677,39.9407967,44.65964799,14.8
"Cambridge city, Massachusetts",100070,48154,29210,15116,3002,51916,29035,16546,4055,7.052063556,31.6398521,58.20425702,19.1
"Fall River city, Massachusetts",72182,33864,13013,15672,3366,38318,12456,17196,4972,11.55135629,45.5348979,35.28441994,24.5
"Lawrence city, Massachusetts",61796,30234,16006,10800,2724,31562,13701,12489,3509,10.08641336,37.6869053,48.07269079,19.6
"Lowell city, Massachusetts",89167,44207,23020,16397,3515,44960,18956,16674,5915,10.5756614,37.08883331,47.07571187,17.6
"Lynn city, Massachusetts",74264,37786,17786,14972,4247,36478,13289,15240,4533,11.82268663,40.68189163,41.84396208,19.9
"New Bedford city, Massachusetts",75886,35875,17922,14295,3119,40011,15939,13929,5529,11.39604143,37.19263105,44.62087869,4.1
"Newton city, Massachusetts",72059,33334,11641,19323,1426,38725,13088,20168,2400,5.309538017,54.80370252,34.31771187,10.2
"Quincy city, Massachusetts",80740,38625,14989,19831,2830,42115,15504,19199,3673,8.054248204,48.34035175,37.76690612,12.6
"Somerville city, Massachusetts",73661,35913,22339,11157,1970,37748,23049,10715,1892,5.24293724,29.6927818,61.61740948,24.7
"Springfield city, Massachusetts",123733,57505,29473,20663,5427,66228,29829,21093,10664,13.00461478,33.74685815,47.92739205,19.3
"Worcester city, Massachusetts",156332,75565,38378,27299,7881,80767,35810,26954,10624,11.83698795,34.70370749,47.4554154,22.8
"Ann Arbor city, Michigan",107810,54652,31240,19907,2954,53158,27415,19530,3841,6.302754846,36.58009461,54.40589927,30.6
"Dearborn city, Michigan",72095,35230,14492,18011,1964,36865,10174,18809,4013,8.290450101,51.07150288,34.21319093,35.7
"Detroit city, Michigan",529186,248282,147574,66948,25657,280904,151647,67705,36575,11.7599483,25.44530657,56.54363494,8.8
"Farmington Hills city, Michigan",67841,31681,8627,18442,3446,36160,10009,17913,4324,11.45325098,53.5885379,27.47011394,44.5
"Flint city, Michigan",74727,35143,18123,11346,4844,39584,17679,11506,7170,16.07718763,30.58064689,47.91039383,21.9
"Grand Rapids city, Michigan",157154,79345,40508,30621,6923,77809,32981,31087,7602,9.242526439,39.26594296,46.76241139,30.9
"Kalamazoo city, Michigan",62160,29938,17825,8733,2941,32222,16672,8867,3745,10.75611326,28.31402831,55.49710425,26.4
"Lansing city, Michigan",93725,44297,21486,15143,6936,49428,21519,15816,8412,16.37556682,33.0317418,45.8842358,6.3
"Livonia city, Michigan",77941,37552,11672,21929,2865,40389,9282,22253,4050,8.872095559,56.68646797,26.88443823,6
"Rochester Hills city, Michigan",59375,29300,10188,16634,2080,30075,6161,17578,4020,10.27368421,57.62021053,27.53515789,12.7
"Southfield city, Michigan",61896,28242,12674,11069,3511,33654,12626,11326,5586,14.69723407,36.18165956,40.87501616,11.8
"Sterling Heights city, Michigan",109655,52514,17186,29528,3594,57141,16719,29023,5509,8.30149104,53.39564999,30.9197027,4.1
"Troy city, Michigan",70630,34661,10058,21710,2082,35969,8598,21725,2418,6.371230355,61.49653122,26.41370522,18.1
"Warren city, Michigan",109268,52122,20787,24845,4874,57146,18632,25611,6917,10.79089944,46.17637369,36.07552074,11.3
"Westland city, Michigan",69041,32485,11512,14839,4943,36556,12763,14120,5826,15.59797801,41.94464159,35.16026709,14.2
"Wyoming city, Michigan",60467,29562,10947,13869,4293,30905,11310,13701,4373,14.33178428,45.595118,36.80850712,6.3
"Bloomington city, Minnesota",71733,34133,11894,17044,3845,37600,10461,18503,4212,11.23192952,49.5545983,31.16417827,14.5
"Brooklyn Park city, Minnesota",60454,27910,10732,14461,2183,32544,12688,15026,3410,9.251662421,48.77592881,38.74019916,18.7
"Duluth city, Minnesota",72051,35612,18918,12542,3152,36439,14762,13659,4993,11.30449265,36.36451958,46.74466697,20.4
"Minneapolis city, Minnesota",343323,176100,97761,60389,15998,167223,78361,62144,19394,10.30865978,35.69029747,51.29921386,3.8
"Plymouth city, Minnesota",61214,29769,8108,19338,1840,31445,7072,19153,3469,8.672852615,62.87940667,24.79824877,11.2
"Rochester city, Minnesota",91068,43823,15953,22602,4680,47245,15037,23507,5147,10.79083762,50.63139632,34.02951641,19.2
"St. Paul city, Minnesota",237023,115839,54158,47259,12231,121184,51963,47633,14500,11.27780848,40.03493332,44.77244824,19.2
"Gulfport city, Mississippi",57886,28384,10162,12867,4414,29502,8369,12640,5332,16.83654079,44.06419514,32.01292195,22
"Jackson city, Mississippi",133855,60582,30418,22219,6394,73273,32682,23624,9186,11.63946061,34.24825371,47.14056255,19.7
"Columbia city, Missouri",101989,48669,25653,19487,2691,53320,24615,20486,5112,7.650825089,39.19344243,49.28766828,15.6
"Independence city, Missouri",93354,43351,14832,21813,5088,50003,14464,22094,8322,14.36467639,47.03279988,31.38162264,16.4
"Kansas City city, Missouri",386749,185406,78671,81842,20697,201343,74276,81452,29458,12.96835932,42.22221648,39.54683787,7.1
"Lee's Summit city, Missouri",73555,34330,9059,22354,2192,39225,9533,22912,4439,9.015022772,61.54034396,25.27632384,3.3
"O'Fallon city, Missouri",68426,32386,9823,19899,2204,36040,8553,19678,4942,10.44339871,57.83912548,26.85528893,20.4
"St. Charles city, Missouri",58661,28063,10141,13688,3462,30598,10126,13592,3964,12.65917731,46.50449191,34.54935988,23.8
"St. Louis city, Missouri",258935,123760,67381,40319,13752,135175,65459,40793,18309,12.3818719,31.32523606,51.30245042,24.6
"Springfield city, Missouri",141699,66830,28227,27336,9605,74869,27877,27104,11801,15.10666977,38.41946662,39.59378683,8.6
"Billings city, Montana",88790,42987,14572,22080,5461,45803,12528,22404,6183,13.11408942,50.10023651,30.52145512,19.3
"Missoula city, Montana",61729,31881,17554,10927,2810,29848,10739,11441,6176,14.55717734,36.23580489,45.83421082,13.7
"Lincoln city, Nebraska",226622,113647,48508,54413,8392,112975,38950,52923,12983,9.432005719,47.36345103,38.59201666,14.4
"Omaha city, Nebraska",354725,173422,68098,83604,17987,181303,62074,82424,23598,11.72316583,46.80470787,36.69659595,8.5
"Henderson city, Nevada",241446,118332,37014,62107,15967,123114,30080,61308,20652,15.16653827,51.1149491,27.78840817,15.6
"Las Vegas city, Nevada",506265,253013,102103,110345,34039,253252,80149,112868,40010,14.62652958,44.09015042,35.99932841,14.2
"North Las Vegas city, Nevada",183956,89277,33590,41871,11462,94679,34369,42442,12310,12.92265542,45.83324273,36.94307334,15.1
"Reno city, Nevada",200682,101362,40733,44820,14362,99320,31310,45138,15387,14.82395033,44.82614285,35.89908412,9.7
"Sparks city, Nevada",79375,39591,13188,20866,4215,39784,9378,21473,5789,12.60346457,53.34047244,28.4296063,14.1
"Manchester city, New Hampshire",92612,48676,19386,20487,7161,43936,14106,19383,6332,14.56938626,43.0505766,36.16378007,9.1
"Nashua city, New Hampshire",73830,34339,10918,18189,4363,39491,11118,18028,5681,13.60422592,49.05458486,29.84694569,30.5
"Camden city, New Jersey",56080,27633,16745,8465,2103,28447,14951,8535,2693,8.552068474,30.31383738,56.5192582,8.6
"Clifton city, New Jersey",71423,33630,11042,19227,2450,37793,12611,18865,3123,7.802808619,53.33295997,33.11678311,20.4
"Elizabeth city, New Jersey",99465,48200,23172,21576,3087,51265,22506,19250,6908,10.04876087,41.04559393,45.92369175,17.2
"Jersey City city, New Jersey",216396,108063,53548,47247,5642,108333,43218,47492,9313,6.910941053,43.78038411,44.71709274,28.2
"Newark city, New Jersey",227231,110634,61350,39802,6589,116597,61446,36581,10602,7.565429013,33.61469166,54.04016177,31.6
"Passaic city, New Jersey",50543,24811,11374,11408,1633,25732,11049,10922,2236,7.654868132,44.180203,44.36420474,28.5
"Paterson city, New Jersey",116147,55175,29732,20048,4375,60972,29377,21354,5056,8.119882563,35.64620696,50.89154261,27.8
"Trenton city, New Jersey",65435,34360,18723,12404,2563,31075,13816,11472,2850,8.272331321,36.48811798,49.72721021,17.3
"Union City city, New Jersey",57066,26841,13044,10949,2400,30225,12384,11731,4354,11.83541864,39.74345495,44.55893176,17.1
"Albuquerque city, New Mexico",451881,217949,89147,97137,26058,233932,78783,99247,37066,13.96916445,43.45922931,37.16243878,25.9
"Las Cruces city, New Mexico",81790,40341,19043,15946,3922,41449,13851,17378,6694,12.97958186,40.74336716,40.21763052,13.6
"Rio Rancho city, New Mexico",77920,36793,11181,20912,3645,41127,10651,20350,6480,12.99409651,52.95431211,28.01848049,14.3
"Santa Fe city, New Mexico",71319,33054,13208,14475,4949,38265,13333,13949,8042,18.21534234,39.85473717,37.21448702,23.9
"Albany city, New York",82818,39538,22550,12294,3683,43280,23172,12129,3981,9.254026902,29.48996595,55.20780507,30.5
"Buffalo city, New York",208078,96807,53834,32000,8374,111271,56997,33319,10826,9.22730899,31.39159354,53.26416056,16.9
"Mount Vernon city, New York",55278,24566,11020,10252,2548,30712,13064,10868,3860,11.59231521,38.20688158,43.56887007,12.5
"New Rochelle city, New York",66718,32272,13399,15702,2561,34446,13477,15381,3284,8.760754219,46.58862676,40.2829821,18.9
"New York city, New York",7019172,3299818,1536543,1484115,202815,3719354,1584063,1493279,339010,7.719215315,42.41802309,44.45832073,32.3
"Rochester city, New York",167873,79455,45298,22738,9225,88418,49732,22185,11271,12.2092296,26.76011032,56.60826935,17.2
"Schenectady city, New York",52677,25382,12178,9533,3025,27295,12130,9153,2964,11.3692883,35.47278698,46.14537654,32.1
"Syracuse city, New York",118843,55082,31213,17928,4894,63761,32341,18609,6833,9.8676405,30.74392265,53.47727674,15.5
"Yonkers city, New York",167024,79384,32697,37880,6012,87640,31861,39769,9298,9.166347351,46.48972603,38.65193026,15.6
"Asheville city, North Carolina",76980,35864,17863,14187,3208,41116,16256,14790,6907,13.13977657,37.64224474,44.32190179,4.4
"Cary town, North Carolina",128503,62649,15224,41581,5130,65854,12376,41798,7411,9.75930523,64.8848665,21.47809779,13.4
"Charlotte city, North Carolina",669928,316060,136044,150051,25137,353868,135960,153554,42264,10.06093192,45.31904921,40.60197514,15.5
"Concord city, North Carolina",70537,32581,9949,18541,3526,37956,10821,18604,4059,10.75322171,52.66030594,29.44553922,17.1
"Durham city, North Carolina",212219,97816,44928,43839,7712,114403,48172,45732,13296,9.899207894,42.2068712,43.86977603,20.5
"Fayetteville city, North Carolina",163344,79215,32506,37210,7342,84129,28607,34530,13153,12.54713978,43.91958076,37.41367911,18.3
"Gastonia city, North Carolina",60109,26902,9171,13984,3030,33207,10318,14969,5431,14.07609509,48.16749572,32.42276531,22.8
"Greensboro city, North Carolina",233182,105495,44929,48409,9239,127687,53825,45541,17857,11.6201079,40.29041693,42.35061025,30.3
"Greenville city, North Carolina",76449,34388,18731,12484,3046,42061,23621,12400,3959,9.162971393,32.54980444,55.39902419,20.2
"High Point city, North Carolina",92051,41843,16880,18005,5627,50208,18218,20359,7615,14.38550369,41.6768965,38.12886335,12.1
"Raleigh city, North Carolina",380882,180318,80658,82650,14217,200564,82420,81070,26550,10.70331494,42.98444138,42.81588523,24.7
"Wilmington city, North Carolina",99887,46599,22225,18675,4292,53288,22423,20133,6859,11.16361488,38.85190265,44.69850932,21.8
"Winston-Salem city, North Carolina",194367,89432,36935,42898,6802,104935,38107,44826,12328,9.842205724,45.1331759,38.60840575,13.8
"Fargo city, North Dakota",98823,51209,24466,21300,4750,47614,18001,21971,3509,8.3573662,43.78636552,42.97278974,23.7
"Akron city, Ohio",162082,76184,35091,29248,10032,85898,35665,30155,11711,13.41481472,36.6499673,43.65444651,31.5
"Canton city, Ohio",57658,27444,12959,9896,3595,30214,10596,10774,5697,16.11571681,35.84931839,40.85296056,26
"Cincinnati city, Ohio",240867,113148,61326,38029,11529,127719,63418,38315,15758,11.32865855,31.69550001,51.78957682,35
"Cleveland city, Ohio",314267,151605,83301,44081,19572,162662,77295,46397,23303,13.64285782,28.79016887,51.10177015,21
"Columbus city, Ohio",692215,335424,159959,132017,38659,356791,152824,130770,51599,13.03901245,37.96320507,45.18581655,32
"Dayton city, Ohio",115488,55877,29918,16652,7346,59611,27427,17637,9209,14.33482267,29.69053062,49.65450956,8.6
"Parma city, Ohio",66883,32115,10842,16713,3516,34768,9899,16254,4200,11.53656385,49.29055216,31.01086973,26.3
"Toledo city, Ohio",224304,107456,46436,38680,18728,116848,45062,39599,21296,17.84364077,34.89861973,40.79196091,35.2
"Youngstown city, Ohio",53659,25254,13320,6997,3867,28405,13096,7396,4639,15.85195401,26.82308653,49.22939302,8.6
"Broken Arrow city, Oklahoma",87387,41974,11150,26028,3889,45413,9989,26438,5602,10.8608832,60.03867852,24.19009693,10.6
"Edmond city, Oklahoma",70255,33147,10671,19544,2228,37108,10339,20187,4019,8.891893815,56.55255854,29.90534482,17.5
"Lawton city, Oklahoma",75338,39145,15465,16831,5131,36193,10585,16428,6091,14.89553744,44.14638031,34.57750405,19.5
"Norman city, Oklahoma",104699,51640,24497,21908,4495,53059,20841,22515,6508,10.50917392,42.42924956,43.30318341,16.8
"Oklahoma City city, Oklahoma",498851,242280,89222,118386,28602,256571,80211,121782,34580,12.66550533,48.14423545,33.96465077,20.5
"Tulsa city, Oklahoma",317144,151996,58322,69380,20380,165148,52056,70908,27746,15.17481018,44.23479555,34.80374845,9.6
"Beaverton city, Oregon",83808,41143,16068,20705,3679,42665,12240,20375,7091,12.85080183,49.01680031,33.77720504,10.4
"Bend city, Oregon",76086,36850,12822,18762,4597,39236,10484,18275,6638,14.76618563,48.67781195,30.63112793,21.6
"Eugene city, Oregon",143675,70397,32103,29001,7802,73278,29276,28927,9408,11.97842353,40.31877501,42.72072386,15.6
"Gresham city, Oregon",90259,44129,17037,21627,4464,46130,13824,21851,6198,11.81267242,48.17026557,34.19160416,10.4
"Hillsboro city, Oregon",81767,40458,13270,23127,3520,41309,11461,23035,4323,9.591889148,56.4555383,30.24569814,13.3
"Medford city, Oregon",65353,32011,10127,16101,4149,33342,7557,16489,6008,15.54175019,49.86764188,27.05920157,14.7
"Portland city, Oregon",540420,267206,119553,114766,29154,273214,103708,112770,40218,12.83668258,42.10354909,41.31249769,14.9
"Salem city, Oregon",136501,65901,25884,31091,7096,70600,21277,30511,12190,14.12883422,45.12933971,34.54993004,30.2
"Allentown city, Pennsylvania",92175,43316,22478,14910,4794,48859,22654,15656,5863,11.56170328,33.16083537,48.96338487,18.1
"Bethlehem city, Pennsylvania",64528,31387,14454,12166,3308,33141,13652,12442,4292,11.77783288,38.13538309,43.55628564,27.3
"Erie city, Pennsylvania",78664,37527,16768,14533,4570,41137,17960,14029,5202,12.422455,36.30885793,44.14725923,25.7
"Philadelphia city, Pennsylvania",1275409,594382,323946,206818,46771,681027,335884,214480,67809,8.983784809,33.03238412,51.73477684,19.2
"Pittsburgh city, Pennsylvania",264630,129990,71860,43995,10946,134640,65247,41877,15082,9.835619544,32.44983562,51.81083022,36.8
"Reading city, Pennsylvania",67129,32889,17439,10226,4633,34240,15400,11814,4590,13.73921852,32.83230794,48.91924504,24.5
"Scranton city, Pennsylvania",64020,31562,14381,12586,2859,32458,12970,12776,3364,9.720399875,39.61574508,42.72258669,6
"Cranston city, Rhode Island",69281,34356,14636,15109,3457,34925,12627,14822,4270,11.15313001,43.20232098,39.35133731,15.6
"Pawtucket city, Rhode Island",59259,30224,13754,11710,4234,29035,10561,11563,4505,14.74712702,39.27335932,41.03174201,24.7
"Providence city, Rhode Island",144822,69425,39590,23251,6150,75397,38924,25083,6891,9.00484733,33.3747635,54.21413874,8.6
"Warwick city, Rhode Island",70718,32613,10627,15688,4540,38105,11331,16969,5698,14.47721938,46.17919059,31.05008626,15.2
"Charleston city, South Carolina",119257,55593,25781,23756,4141,63664,27351,25190,6481,8.906814694,41.04245453,44.55252103,19.9
"Columbia city, South Carolina",116434,60654,37644,16675,5562,55780,29017,17113,5617,9.601147431,29.01901506,57.2521772,4.2
"Mount Pleasant town, South Carolina",65597,31293,9313,18549,2866,34304,6843,20353,4526,11.26880802,59.30454137,24.62917511,25.8
"North Charleston city, South Carolina",88954,43102,21102,15786,5131,45852,19875,15821,6107,12.63349596,35.53184792,46.06538211,20.4
"Rock Hill city, South Carolina",57556,27040,12025,11806,2324,30516,11395,12057,4373,11.63562444,41.46049065,40.69080548,18.2
"Rapid City city, South Dakota",59354,29001,10577,13634,4348,30353,10167,12900,4389,14.72015365,44.70465344,34.94962429,10.3
"Sioux Falls city, South Dakota",136182,67313,26716,33443,5454,68869,20443,33477,8165,10.00058745,49.14012131,34.62939302,20.2
"Chattanooga city, Tennessee",147287,68900,29587,27944,8599,78387,28993,28900,11376,13.56195727,38.59403749,39.7726887,14.8
"Clarksville city, Tennessee",115566,56183,18302,32031,5269,59383,15321,30631,9290,12.59799595,54.22182995,29.09419726,25.4
"Knoxville city, Tennessee",156851,73393,35903,25767,9469,83458,33709,29381,14127,15.04357639,35.15948257,44.38097303,26.9
"Memphis city, Tennessee",513457,239613,119430,88264,25284,273844,124741,90304,35469,11.83214953,34.77759579,47.55432295,13.2
"Murfreesboro city, Tennessee",106806,51677,22441,23864,3760,55129,22639,23306,5761,8.914293205,44.16418553,42.20736663,15.1
"Nashville-Davidson metropolitan government (balance), Tennessee",539163,256694,111212,111235,28358,282469,110345,114760,37140,12.1480888,41.91589556,41.09276786,19.6
"Abilene city, Texas",103140,53902,23729,24358,4814,49238,16298,21968,6762,11.2235796,44.91564863,38.80841575,3.7
"Allen city, Texas",79710,39853,12599,24683,2521,39857,8064,26405,3419,7.452013549,64.09233471,25.92271986,16.4
"Amarillo city, Texas",153030,73556,24331,39840,6855,79474,18916,42724,9768,10.86257597,53.95281971,28.2604718,15.9
"Arlington city, Texas",310003,150818,62864,72109,13268,159185,53576,72593,21829,11.32150334,46.6776128,37.56092683,13.5
"Austin city, Texas",772469,392783,186860,164146,36995,379686,153248,159698,47986,11.00121817,41.92323575,44.02869241,11.6
"Baytown city, Texas",58118,29497,10778,15093,2504,28621,9216,14379,3037,9.534051413,50.71062321,34.40242266,18.7
"Beaumont city, Texas",93417,44845,19068,19992,3879,48572,16336,20620,6501,11.11146793,43.47388591,37.8988835,28.6
"Brownsville city, Texas",138028,66038,23992,36134,3753,71990,22655,35722,6182,7.197814936,52.05900252,33.79531689,24.7
"Bryan city, Texas",66171,34042,16370,14827,2167,32129,12162,13957,3465,8.511281377,43.49941817,43.11858669,10
"Carrollton city, Texas",108206,51823,19584,28080,3226,56383,16568,28253,6812,9.276749903,52.06088387,33.41034693,31.1
"College Station city, Texas",96068,48453,31267,15960,1044,47615,28177,15459,3271,4.49161011,32.70495899,61.87700379,14.1
"Corpus Christi city, Texas",258970,126873,48077,61540,13728,132097,42369,61904,16558,11.6947909,47.66729737,34.92528092,19.4
"Dallas city, Texas",1034002,509660,227347,225807,46891,524342,202857,226449,59573,10.29630504,43.7384067,41.60572223,18.7
"Denton city, Texas",110445,51639,24590,21154,4431,58806,27812,20567,6636,10.02037213,37.7753633,47.44624021,27.6
"Edinburg city, Texas",61385,28849,11725,14986,1577,32536,11731,15291,3948,9.000570172,49.32312454,38.2112894,22.1
"El Paso city, Texas",527231,254829,103813,123165,21587,272402,89867,123402,33677,10.48193297,46.76640789,36.73532095,17.5
"Fort Worth city, Texas",648339,315559,120888,155800,30464,332780,111882,159653,41589,11.11347613,48.65556445,35.90251396,4.3
"Frisco city, Texas",120155,56860,12373,40129,2991,63295,14227,40194,6625,8.00299613,66.84948608,22.13807166,13.8
"Garland city, Texas",179512,86925,31292,47322,7075,92587,27907,47773,10804,9.959779848,52.97417443,32.97773965,10.3
"Grand Prairie city, Texas",144932,71453,25385,38069,6242,73479,20653,38755,9529,10.88165485,53.00692739,31.76524163,20.8
"Houston city, Texas",1810748,902978,398004,411213,74194,907770,343024,397842,100965,9.673295235,44.68070654,40.9238613,13.2
"Irving city, Texas",185577,90693,36455,46156,6462,94884,31094,45940,12085,9.994234199,49.62683953,36.39944605,13
"Killeen city, Texas",105315,50931,17049,28200,3961,54384,15647,29265,6807,10.2245644,54.5648768,31.04590989,32.4
"Laredo city, Texas",184763,88660,34258,46998,5368,96103,32835,47729,8658,7.591346752,51.26946412,36.31300639,4.3
"League City city, Texas",80387,39583,13090,23689,2220,40804,9034,24055,4431,8.273725851,59.39268787,27.52186299,12.1
"Lewisville city, Texas",81994,39552,14293,21262,3370,42442,13506,20934,5459,10.76786106,51.46230212,33.90370027,18.7
"Longview city, Texas",64321,32102,11915,16012,2915,32219,7625,14503,5712,13.41241585,47.44173754,30.37888093,20.4
"Lubbock city, Texas",202802,100708,46414,41908,10073,102094,37441,43414,13220,11.48558693,42.0715772,41.34821156,26.7
"McAllen city, Texas",106582,50091,18961,26401,3494,56491,17116,27098,7300,10.12741363,50.1951549,33.84905519,8.1
"McKinney city, Texas",130702,64332,20274,40127,3481,66370,14222,40235,7332,8.27301801,61.48490459,26.39286315,15.5
"Mesquite city, Texas",108185,49102,17269,25725,4508,59083,20518,26189,7800,11.37680825,47.98631973,34.92813237,9.6
"Midland city, Texas",102249,50872,17181,25737,6722,51377,13186,26875,6964,13.38497198,51.45478195,29.69906796,22
"Mission city, Texas",59280,29684,11107,15087,2226,29596,7699,15332,4727,11.72908232,51.31410256,31.72402159,12.2
"Odessa city, Texas",89955,44613,16363,20854,6418,45342,15610,20888,4840,12.51514646,46.4032016,35.54332722,17.7
"Pasadena city, Texas",115346,54895,19994,28132,5882,60451,21018,27502,7622,11.70738474,48.23227507,35.55563262,4.4
"Pearland city, Texas",91192,42866,11180,28661,2677,48326,13219,27478,4414,7.775901395,61.56132117,26.75563646,6.7
"Plano city, Texas",232844,113889,35054,68605,8339,118955,31169,67399,13071,9.194997509,58.40992252,28.44093041,9.4
"Richardson city, Texas",89132,44353,15050,24251,3453,44779,11748,24399,5502,10.04689674,54.58196832,30.0655208,7.3
"Round Rock city, Texas",96344,46735,17774,24637,3733,49609,15383,24312,7608,11.77136096,50.8064851,34.41522046,12.7
"San Angelo city, Texas",82770,40701,16129,19343,3842,42069,12898,18759,6625,12.64588619,46.03358705,35.06946961,18.5
"San Antonio city, Texas",1177078,574189,240657,261804,57945,602889,213582,258333,84513,12.10268139,44.18883031,38.59039078,5.7
"Sugar Land city, Texas",71991,35241,9584,22952,2286,36750,8051,23125,2940,7.259240738,64.00383381,24.49611757,21.7
"Tyler city, Texas",81332,38041,14409,18240,4839,43291,13310,17876,6773,14.27728323,44.40564599,34.08129641,25.9
"Waco city, Texas",108478,52270,25004,20816,5084,56208,21998,20676,8492,12.51498,38.24923026,43.32860119,19.2
"Wichita Falls city, Texas",84731,44995,19917,19346,4777,39736,12280,18326,4778,11.27686443,44.46070505,37.99907944,7.4
"Layton city, Utah",54750,27007,8019,17638,1054,27743,6048,17148,3034,7.466666667,63.53607306,25.69315068,17.6
"Ogden city, Utah",65032,32595,13016,15070,4038,32437,9540,15090,5842,15.19252061,46.37716816,34.68446303,11.9
"Orem city, Utah",72583,36228,12125,21625,1901,36355,10232,20766,3283,7.142168276,58.40348291,30.80197842,26.4
"Provo city, Utah",96099,47767,24875,20733,1623,48332,24564,20553,2030,3.801288255,42.96194549,51.44590474,14.2
"St. George city, Utah",64786,30851,11021,17221,1660,33935,9748,17621,3489,7.947704751,53.78013768,32.05785201,16.1
"Salt Lake City city, Utah",158840,83564,38730,34616,9066,75276,28582,32947,8615,11.13132712,42.5352556,42.37723495,4.2
"Sandy city, Utah",75136,36510,10085,21999,3543,38626,9202,22690,4706,10.97875852,59.47748083,25.66945273,3.3
"West Jordan city, Utah",83688,43112,15524,23753,3226,40576,10270,22993,5600,10.54631488,55.85747061,30.82162317,10.3
"West Valley City city, Utah",99770,50993,18806,25969,5481,48777,13718,25898,5594,11.10053122,51.98656911,32.59897765,12.5
"Alexandria city, Virginia",130285,62074,25656,29748,5415,68211,28937,28582,7376,9.817707334,44.77107879,41.90275166,8
"Chesapeake city, Virginia",191122,91726,33869,47862,7414,99396,27527,50824,12663,10.50480845,51.63508126,32.12398363,17.4
"Hampton city, Virginia",111380,52469,23502,20610,6389,58911,20529,21814,10614,15.26575687,38.08942359,39.532232,14.6
"Lynchburg city, Virginia",67916,30862,15444,10639,3009,37054,19032,11947,3708,9.890158431,33.25578656,50.76270687,13.4
"Newport News city, Virginia",146248,70683,31129,31109,6973,75565,27173,32123,10287,11.80187079,43.23614682,39.86516055,19.9
"Norfolk city, Virginia",202253,105915,53207,40332,10324,96338,40367,36755,12105,11.08957593,38.11414417,46.26581559,17
"Portsmouth city, Virginia",76176,35905,16339,14602,3737,40271,16095,14430,5305,11.86988028,38.11174123,42.57771477,26.8
"Richmond city, Virginia",188768,88699,48186,26971,10432,100069,51880,27182,13490,12.67269876,28.68759536,53.01004408,24.5
"Roanoke city, Virginia",80643,37681,15722,16403,4841,42962,13539,18155,7141,14.8580782,42.85306846,36.28461243,11.3
"Suffolk city, Virginia",70964,34169,10028,19149,4106,36795,10415,19057,4523,12.1596866,53.83856603,28.8075644,7.9
"Virginia Beach city, Virginia",367636,179011,63688,96037,15859,188625,53009,95855,25390,11.2200655,52.19619406,31.74253882,10.7
"Auburn city, Washington",58494,28147,10042,14214,3311,30347,8540,13920,6009,15.93325811,48.09724074,31.76736075,5.9
"Bellevue city, Washington",116289,58012,18475,35750,2854,58277,13907,34734,5932,7.555314776,60.61106382,27.84614194,22.5
"Bellingham city, Washington",74862,36498,20056,13191,2783,38364,17834,13471,4878,10.2334963,35.61486468,50.61312816,16.3
"Everett city, Washington",90067,47645,20178,18801,7681,42422,14078,17509,7479,16.83191402,40.31443259,38.03390809,13.8
"Federal Way city, Washington",76235,35824,12627,19470,2962,40411,13201,19257,4922,10.34170657,50.79950154,33.8794517,12.6
"Kennewick city, Washington",60663,30306,12966,14442,2279,30357,8275,13844,3910,10.20226497,46.62809291,35.01475364,14
"Kent city, Washington",101986,51482,20679,24855,4961,50504,16447,23460,6096,10.84168415,47.37414939,36.40303571,10.5
"Renton city, Washington",81924,39785,16127,19238,3799,42139,14735,18451,5907,11.84756604,46.00483375,37.67150042,11.5
"Seattle city, Washington",612568,306847,145496,131530,24705,305721,126671,127909,33824,9.554694336,42.35268574,44.43049588,17.7
"Spokane city, Washington",173715,83075,32472,38504,9948,90640,26923,37312,17899,16.03027948,43.64389949,34.19106007,11
"Spokane Valley city, Washington",78909,39335,13241,20282,4600,39574,9598,19638,5682,13.03019934,50.58992003,28.94346652,16.3
"Tacoma city, Washington",169821,84833,35247,36621,11149,84988,28576,35850,13401,14.45639821,42.6749342,37.58251335,12.4
"Vancouver city, Washington",140704,67105,22425,35232,8245,73599,19609,35165,10862,13.5795713,50.03198203,29.87406186,22.6
"Yakima city, Washington",70087,34698,13966,15620,4184,35389,11123,15822,5129,13.28777091,44.86138656,35.79693809,13.7
"Appleton city, Wisconsin",58542,28721,10802,14854,2226,29821,8564,15375,3855,10.38741416,51.63643196,33.08052338,15.6
"Green Bay city, Wisconsin",84338,41757,18752,16840,5129,42581,16302,18129,5253,12.30999075,41.462923,41.56370794,18.9
"Kenosha city, Wisconsin",78722,38234,15289,17328,4449,40488,12192,18937,6055,13.34315693,46.06717309,34.90892,16.9
"Madison city, Wisconsin",217908,106733,55196,41947,8047,111175,52188,42585,11013,8.746810581,38.79251794,49.27951245,26.7
"Milwaukee city, Wisconsin",462887,219475,122862,71542,20410,243412,126249,71269,30114,10.91497493,30.85223824,53.81680626,23.9
"Racine city, Wisconsin",60037,29372,12432,12479,3696,30665,12098,11903,4178,13.1152456,40.61162283,40.85813748,12.7
"Waukesha city, Wisconsin",59038,27573,10915,13549,2633,31465,11331,13556,4089,11.38588706,45.9111081,37.68081575,0