Id,Id2,Geography,Percent; EMPLOYMENT STATUS - Civilian labor force - Unemployment Rate,"Percent; OCCUPATION - Civilian employed population 16 years and over - Management, business, science, and arts occupations",Percent; OCCUPATION - Civilian employed population 16 years and over - Service occupations,Percent; OCCUPATION - Civilian employed population 16 years and over - Sales and office occupations,"Percent; OCCUPATION - Civilian employed population 16 years and over - Natural resources, construction, and maintenance occupations","Percent; OCCUPATION - Civilian employed population 16 years and over - Production, transportation, and material moving occupations",Percent; INDUSTRY - Civilian employed population 16 years and over,"Percent; INDUSTRY - Civilian employed population 16 years and over - Agriculture, forestry, fishing and hunting, and mining",Percent; INDUSTRY - Civilian employed population 16 years and over - Construction,Percent; INDUSTRY - Civilian employed population 16 years and over - Manufacturing,Percent; INDUSTRY - Civilian employed population 16 years and over - Wholesale trade,Percent; INDUSTRY - Civilian employed population 16 years and over - Retail trade,"Percent; INDUSTRY - Civilian employed population 16 years and over - Transportation and warehousing, and utilities",Percent; INDUSTRY - Civilian employed population 16 years and over - Information,"Percent; INDUSTRY - Civilian employed population 16 years and over - Finance and insurance, and real estate and rental and leasing","Percent; INDUSTRY - Civilian employed population 16 years and over - Professional, scientific, and management, and administrative and waste management services","Percent; INDUSTRY - Civilian employed population 16 years and over - Educational services, and health care and social assistance","Percent; INDUSTRY - Civilian employed population 16 years and over - Arts, entertainment, and recreation, and accommodation and food services","Percent; INDUSTRY - Civilian employed population 16 years and over - Other services, except public administration",Percent; INDUSTRY - Civilian employed population 16 years and over - Public administration,Percent; INCOME AND BENEFITS (IN 2016 INFLATION-ADJUSTED DOLLARS) - With Food Stamp/SNAP benefits in the past 12 months,Percent; PERCENTAGE OF FAMILIES AND PEOPLE WHOSE INCOME IN THE PAST 12 MONTHS IS BELOW THE POVERTY LEVEL - All people
1600000US0107000,107000,"Birmingham city, Alabama",9.9,33.1,21.1,26.8,5.5,13.4,96222,0.2,3.7,8.7,1.6,13.7,5.4,2.9,7.2,10.7,26,11.2,5.1,3.5,25.4,24.5
1600000US0121184,121184,"Dothan city, Alabama",7.3,34.3,19.2,26.7,7.3,12.5,28595,0.4,4.3,8.9,3,14.4,6.9,1.5,4,9.3,26.4,9.7,7,4.2,17.2,19.6
1600000US0135896,135896,"Hoover city, Alabama",4.5,52.3,14.6,23.4,3.3,6.5,43937,1.8,3.4,6.9,2.6,8.8,3.5,4.7,11.4,13,22.2,12.6,6.1,2.9,5.6,5.4
1600000US0137000,137000,"Huntsville city, Alabama",5,44.8,16.4,20.9,4.9,13,93852,0.3,3.9,12.8,1.3,11.1,2.2,2.8,3.1,18.6,21.7,10.7,4.1,7.4,12.8,17.3
1600000US0150000,150000,"Mobile city, Alabama",7,32.6,22.7,27,7.3,10.4,84607,0.6,4.9,8.7,3.2,12.2,5.4,2.1,5.2,10.3,23.9,13.7,5,4.8,19.5,21.4
1600000US0151000,151000,"Montgomery city, Alabama",7.9,35.6,17.4,24.7,5,17.3,89703,0,2.7,13.1,2.8,13.8,3.8,1,6.8,9.4,21.1,11.7,4.5,9.2,20.9,19.3
1600000US0177256,177256,"Tuscaloosa city, Alabama",8.2,34.8,22.9,19,4.2,19.1,45872,0.2,3.1,18.1,1,9.8,3.6,1.6,2.1,9.9,30.7,13.8,3.4,2.7,8.9,24.7
1600000US0203000,203000,"Anchorage municipality, Alaska",5.2,40.9,16.1,24.8,8.3,9.9,153817,2.5,5.3,2.7,2.8,11,9.4,2.3,4.6,9.8,24.7,9.1,4.7,11.2,8.8,6.3
1600000US0404720,404720,"Avondale city, Arizona",6,28.1,15.7,31.5,10.4,14.2,39145,1.6,6.9,10,2.1,11.6,7.3,1.3,11.5,11.1,19.6,8.8,6.4,1.8,16.7,14.4
1600000US0410670,410670,"Casas Adobes CDP, Arizona",5.2,42.3,19.4,23.6,6.8,8,36672,1.1,4.3,6.1,1.3,12.4,4.1,2.5,4.8,14,27.3,11.8,5.7,4.7,6.8,10.4
1600000US0412000,412000,"Chandler city, Arizona",3.8,46.7,12.9,26.9,6.6,6.9,133540,0.2,5.1,13.3,2.8,12.3,4,2.8,10.9,12.1,19.8,8,4,4.7,4.9,7.1
1600000US0423620,423620,"Flagstaff city, Arizona",9,39.3,23.7,24.7,6.6,5.6,36254,1.6,3.1,6.2,1.3,13,2.7,0.9,2.8,8.4,31.2,20.5,3.8,4.5,7.7,17.6
1600000US0427400,427400,"Gilbert town, Arizona",6.2,51.6,11.8,26.4,4.2,6,111308,0.4,4.9,9.8,3.2,10.5,4.4,2.5,12.1,11.9,23.7,8.3,4,4.3,5,5
1600000US0427820,427820,"Glendale city, Arizona",5.1,32.8,18.4,26.5,11.1,11.3,118856,0.2,10.9,5.7,2.6,14.7,5.5,1.9,7.5,11.3,20.6,10.2,5.1,3.8,17.3,16.4
1600000US0428380,428380,"Goodyear city, Arizona",4.9,41.2,16.9,25.9,5.5,10.5,32803,0.6,6,5.4,4.5,15,6.5,1.3,12,9,24,6.3,2,7.3,5.4,4.5
1600000US0446000,446000,"Mesa city, Arizona",5.6,34.7,19.2,26,10.3,9.7,228672,0.4,8.9,7.9,2,11.9,5,2,8.9,11.7,22.3,10.7,5.5,2.8,11,16.8
1600000US0454050,454050,"Peoria city, Arizona",6.5,40.5,19.1,23.9,7.1,9.5,75236,0.5,6.3,7.6,2.5,13.1,6.7,2.4,10.3,9.9,22.2,9.8,5.1,3.6,6.9,7.7
1600000US0455000,455000,"Phoenix city, Arizona",5.9,33.5,20.4,24.9,9.5,11.7,770242,0.5,7.7,7.1,2.3,11.7,5.7,1.8,9.6,14.3,19.5,10,6.1,3.4,16,20.3
1600000US0464210,464210,"San Tan Valley CDP, Arizona",7.3,34.6,23,28,7.4,7,35019,0.7,7.1,6.3,2.1,16.1,5.1,1.6,5.7,9.1,29.2,7.1,1.8,8,5.7,9.9
1600000US0465000,465000,"Scottsdale city, Arizona",3.5,53,12.9,26.7,2.9,4.6,124938,0.4,4.1,6.3,3.1,11.5,3.7,2.8,14,17.5,21.8,10.6,2.8,1.3,3.6,8
1600000US0471510,471510,"Surprise city, Arizona",5.6,36.7,16.2,29,7.8,10.2,50225,0.2,6.6,3.5,3.6,13.3,6.2,1.4,8.1,9.3,27.2,10,5.1,5.5,6.6,9.7
1600000US0473000,473000,"Tempe city, Arizona",4.8,43.9,20,24.4,4.5,7.2,105631,0.1,4,6.5,2.5,9.9,5.2,2.5,10.9,13.2,22,16.1,4.8,2.3,7.4,20.3
1600000US0477000,477000,"Tucson city, Arizona",8.9,32.4,23.6,26,8.8,9.2,240167,0.7,7,5.7,1.2,13.5,3.7,1.3,4.7,14.1,25.5,11.9,5.7,4.9,18.4,24.1
1600000US0485540,485540,"Yuma city, Arizona",9.4,30.7,23.9,24.7,9.3,11.4,36458,5.3,7,3.5,3.8,15.8,1.8,1,5.8,7.7,20,10.7,5.7,11.8,17.8,16.7
1600000US0515190,515190,"Conway city, Arkansas",3.4,37.2,17.2,30.4,4.2,10.9,31130,0.8,3.8,10.8,3.2,15.1,3,2.1,7.2,12.4,23.9,8.9,6.9,2.1,9.2,21.4
1600000US0523290,523290,"Fayetteville city, Arkansas",3,42,18.4,22.7,7.5,9.4,41349,1,5.6,10.3,1.2,12.7,2.9,0.6,4.3,11.2,32,11.8,4.6,1.8,5.6,25.2
1600000US0524550,524550,"Fort Smith city, Arkansas",5.4,25.4,21.3,23.8,10.2,19.3,36020,0.9,7.3,19.9,1.8,12.3,4.7,2.3,5.2,8.7,17.8,12.3,6.3,0.5,18.2,21.6
1600000US0535710,535710,"Jonesboro city, Arkansas",8.8,34.6,16.5,26.6,7.6,14.6,33674,0.9,5.2,16.2,2.2,12.3,5.3,1.2,7.2,8.3,22.5,10.4,5.6,2.8,15.6,17.1
1600000US0541000,541000,"Little Rock city, Arkansas",4,42.8,16,26.1,5.4,9.7,96080,0.1,5.2,5.8,2.2,11.7,5.4,4.9,8.2,11.2,26.3,9.1,5,4.8,9.7,18.8
1600000US0550450,550450,"North Little Rock city, Arkansas",7.8,48.2,16.5,21.8,6.4,7.2,30590,0.2,5.5,5.3,3.5,9.7,4.4,4.3,7.4,5.9,32.8,13,4.6,3.5,16.6,24.2
1600000US0560410,560410,"Rogers city, Arkansas",N,35.8,17.8,24.3,9.5,12.7,31275,0.5,7.9,16,1.1,18.2,4.5,0.3,7.8,11.1,16,11.7,2.4,2.4,6.8,9.3
1600000US0566080,566080,"Springdale city, Arkansas",N,31,11.5,21.5,13.1,22.9,37226,0.2,9.1,24.6,3.1,14.3,5.5,0.5,3.1,9.6,15.6,7.9,4.9,1.5,13.4,15.6
1600000US0600562,600562,"Alameda city, California",3.5,55.5,11.1,22.3,3.6,7.6,39901,0.1,2.8,9.3,1.9,9.6,5.4,4.3,6.9,20,23.5,5.6,5.8,4.8,4.7,6.8
1600000US0600884,600884,"Alhambra city, California",4.5,34.2,22.7,25.8,5.7,11.6,41570,0,3.9,10.8,3.3,10.8,4.6,1.7,5.7,12.4,20.6,14.5,7.5,4.3,4.5,12.7
1600000US0602000,602000,"Anaheim city, California",5.7,29.2,23.4,23.2,8.7,15.5,168898,0.4,6.3,12.8,4.9,12.4,4.5,1.6,5.5,11.7,17.4,14.8,4.8,2.8,13,15
1600000US0602252,602252,"Antioch city, California",6.7,35.7,22,24,8.2,10.1,51405,0.3,7.3,7.6,2.1,12.3,6.2,1.8,9.6,10.9,23.5,8.3,5.5,4.7,15.1,12
1600000US0602364,602364,"Apple Valley town, California",13.7,24.4,22.2,26.2,10.4,16.7,25448,1.1,5.9,5.1,1.6,14.6,15.5,0.3,5.2,9.5,18.7,8.7,5.5,8.2,24.4,16.8
1600000US0602553,602553,"Arden-Arcade CDP, California",9.2,41.1,17.6,21.1,11.5,8.7,44784,0.4,7.9,4.3,2,10.3,5,1.2,6.6,12.9,24.4,10.9,5.9,8.2,14.9,27.7
1600000US0603526,603526,"Bakersfield city, California",8.8,33.3,18.1,23.7,13.3,11.6,161519,8.9,6.6,5.3,2.7,13.6,5.3,1.3,5.4,9.3,22.4,9.9,4.4,4.8,17.8,20
1600000US0603666,603666,"Baldwin Park city, California",4.8,18.8,25.6,20.4,13.9,21.3,37099,0.8,9.7,15.2,6.1,9,5.9,1.1,5.2,10.8,16.8,8.7,8.2,2.4,7.2,12.9
1600000US0604982,604982,"Bellflower city, California",7,29.2,20,25.3,7.8,17.6,33005,0.1,6.2,12.6,2.9,13.2,6.4,1.6,3.3,10.4,25.2,9.4,5.1,3.6,12.6,13.5
1600000US0606000,606000,"Berkeley city, California",4.5,70,11.4,13.7,1.6,3.3,64549,0.3,1.8,4,0.7,6.6,2.9,4.6,4.6,23.9,37.7,7.6,3.5,1.8,4.5,16.1
1600000US0608786,608786,"Buena Park city, California",3.6,26.5,19.9,26.7,5.6,21.2,43232,0.9,4.4,18.1,4.5,13.1,6.6,1.4,5,9,15.9,12.9,6.5,1.8,9.1,12
1600000US0608954,608954,"Burbank city, California",7.3,50.6,11.6,23,6.4,8.4,51138,0.2,4.2,7.6,1.9,11.6,4.4,13.7,5.1,10.6,19,12,6.1,3.5,4.6,10.5
1600000US0610046,610046,"Camarillo city, California",4,42.7,20,21.5,7.5,8.3,33728,0.7,6,9.9,2.6,12.5,3.5,2.2,4.8,11.1,21.2,10.9,5.3,9.3,4.5,8.7
1600000US0611194,611194,"Carlsbad city, California",4.4,58.3,12.1,20.6,3.2,5.8,56698,1.4,4.5,12.8,2.9,5.4,2,3.9,8.7,20,19.4,9.6,5.3,4.1,1.2,5.2
1600000US0611390,611390,"Carmichael CDP, California",7.5,37.5,19.9,26.1,8.4,8.1,28664,0.4,4.8,3.7,3.2,15.1,7,2.5,7,11.3,23.9,8.7,5.4,7,8.7,14.3
1600000US0611530,611530,"Carson city, California",8,34.6,20.3,25.9,7.2,12,46380,1.1,5,12.1,3.4,11,4.6,1.5,4.2,10.9,25.4,12.3,3.8,4.6,5.3,8.5
1600000US0611964,611964,"Castro Valley CDP, California",4.9,49,16.5,20.3,6.4,7.8,32652,0.8,7.2,7.4,1.6,8,4.9,3.2,6.9,15.2,22.8,11.3,3.5,7.3,5.9,8.2
1600000US0613014,613014,"Chico city, California",9.4,39.5,22.5,21.2,8,8.7,43340,2.9,4,5.3,1.5,12.5,2.6,1.7,4.4,10.1,31.2,14.3,5.7,3.8,14.7,26.6
1600000US0613210,613210,"Chino city, California",7.7,33.2,15.6,28.5,5.8,16.8,33019,0.2,5.3,12,5.3,13.1,7.6,2.1,5.8,9.6,20.3,7.8,4.7,6.2,9.1,15.8
1600000US0613214,613214,"Chino Hills city, California",4.8,44.9,12.5,25.5,8.6,8.5,39283,0.6,8.3,8.1,5.7,9.9,6.4,1.9,6.4,10.9,24.5,8.7,3.1,5.3,1,6.5
1600000US0613392,613392,"Chula Vista city, California",10.1,37.9,20,23.5,9.6,9,119630,0.2,6.6,7.6,2.8,10.4,4.3,1.2,6.6,11.2,24.8,9.5,6,8.8,9.6,10.5
1600000US0613588,613588,"Citrus Heights city, California",3,33.3,24.4,24.7,9.6,8,45082,0.1,8.5,5.2,2.4,14.2,4.7,2.3,7.9,9.8,21.2,10.2,6.3,7.1,9.9,12.8
1600000US0614218,614218,"Clovis city, California",6.1,41.8,16.5,24.9,9.1,7.8,48782,0.9,6,5.7,2,10.8,5.8,1.7,6.3,10.8,30.8,7.7,3.6,7.9,12.9,14.2
1600000US0615044,615044,"Compton city, California",9.5,13.7,21.1,23.5,13.1,28.7,39938,0.9,9.8,13.9,3.6,11.2,10,1.5,2.3,9.2,17.7,10.9,5.4,3.5,23.9,26.5
1600000US0616000,616000,"Concord city, California",5.8,37.9,24.3,21.4,9.8,6.5,64899,1,6.5,4,2.5,12.2,3.9,2.9,8,15.8,19.4,12.3,7.6,3.9,6.9,11
1600000US0616350,616350,"Corona city, California",6,32.2,18.6,28.4,7.8,12.9,84162,0.1,7.7,11,4.1,13.8,4.6,1.4,6.3,10.8,19.2,9.9,6.3,4.7,8.6,11.8
1600000US0616532,616532,"Costa Mesa city, California",3.2,36.9,24.2,22.8,6.8,9.3,64922,0.8,5,6.3,3.2,13,3.8,1.5,10.3,17.9,14.5,16.1,4.7,2.8,3.9,11.6
1600000US0617918,617918,"Daly City city, California",5.8,33.9,22.5,28.8,5.8,9.1,59348,0,2.3,7,1.7,12.3,7.7,2.5,9,11.2,22.2,13.8,4.7,5.8,5.8,6.6
1600000US0618100,618100,"Davis city, California",5.1,67.5,13.4,14,2.3,2.9,31539,0.6,1.7,4.9,1.3,7.2,2.5,2.6,3.7,12.1,45.2,9.6,1.6,7,4.7,30.5
1600000US0619766,619766,"Downey city, California",5.4,29.7,18.8,31.6,4.8,15.1,56353,0.4,3.7,13,4,13.2,8.5,1.9,4.8,9.4,22,9.1,6.1,3.9,7,7.7
1600000US0620802,620802,"East Los Angeles CDP, California",8.4,14.5,18.4,25.5,13.7,27.9,55134,0.4,11.2,14.4,8.8,13.1,7.6,1.5,2.8,7.1,15.7,9.4,5.8,2.2,10.7,17.2
1600000US0621712,621712,"El Cajon city, California",10.3,25.7,22.3,27.4,10,14.6,40463,0.6,9,8.2,2.9,14.8,7.7,0.4,3.7,10.8,19.8,11,5.9,5.2,26.5,26.7
1600000US0622020,622020,"Elk Grove city, California",4.1,44.1,20.3,23.2,5.1,7.3,80120,0.1,3.2,4.5,2.2,10.6,5.2,2.5,8.1,9.8,24,9.7,4.8,15.3,4.6,7.1
1600000US0622230,622230,"El Monte city, California",6.1,17.9,24.9,22.5,8.7,26,51147,0.4,6.8,14.5,6,12,8.4,0.4,3.4,10.5,16.7,10.5,8.4,2,16.7,20.7
1600000US0622804,622804,"Escondido city, California",5.9,24.8,25.1,25.4,14.1,10.5,75229,2.4,8.3,10.5,3.5,13.1,3,2.6,3.8,15.1,18.8,11.7,5.4,1.9,13.4,14.7
1600000US0623182,623182,"Fairfield city, California",6.9,30.2,22.1,23.4,11.3,13.1,52866,2.8,7.6,9.8,2.1,13,6.3,2,3.5,8,22.9,12,3.7,6.3,13,10.3
1600000US0624477,624477,"Florence-Graham CDP, California",6.6,N,N,N,N,N,26544,0.9,9.1,17,6.1,15,10.3,0.8,1.5,5,13.2,12.3,6.7,2.2,25.7,28.1
1600000US0624638,624638,"Folsom city, California",2.1,58.3,12.9,22.1,2.5,4.2,35795,0.1,3.6,10.3,3.1,8.7,2.5,1.2,10.1,15.7,21.7,6.5,6,10.6,2.6,6
1600000US0624680,624680,"Fontana city, California",6.9,23.5,17.3,26.9,10.6,21.6,97478,0.1,7.4,9.8,4.4,14,12.6,1.2,3.3,8.5,19.8,8.8,5.4,4.6,13.3,11.8
1600000US0626000,626000,"Fremont city, California",3.2,59.3,11.1,19.4,4.3,5.9,116542,0.1,3,13.7,2.4,8.6,4.5,3.6,6.5,28.8,16.6,6.1,3.9,2.1,3,3.1
1600000US0627000,627000,"Fresno city, California",9.7,29,23.8,23.8,10.4,13,214398,4,5.6,7,3.5,10.7,4.7,1.5,5.1,9.9,25.4,11,5.6,6.1,24,28.1
1600000US0628000,628000,"Fullerton city, California",7.4,41.4,17.9,26.3,4.8,9.7,70498,0.2,4.2,12.4,3.5,11.6,2.7,2.4,8.3,13.9,20.6,12.8,4.5,3,8.1,14
1600000US0629000,629000,"Garden Grove city, California",4.8,28.2,23.8,23.6,9.5,14.9,86670,0.4,6.7,15,1.9,12.6,4.9,1.5,5,11.4,17.6,10.7,9.6,2.7,12.3,14
1600000US0630000,630000,"Glendale city, California",9.4,45.8,15.9,23.5,5.2,9.6,97612,0.2,3.5,7,2.7,9.3,5.5,6.5,7.6,12.5,24.1,9.1,6.7,5.2,8.1,14.4
1600000US0632548,632548,"Hawthorne city, California",7.2,25.6,28.8,22.2,6.3,17.1,42047,0,3.6,6.1,1.8,9.1,9.7,3.2,5,13.9,21.1,17.1,6.3,3.2,12.4,19.3
1600000US0633000,633000,"Hayward city, California",3.9,30.1,21.7,24.2,9,15,82142,0.4,7.5,10.6,3.3,11,7.1,1.7,5,14.4,18.2,12.7,4.6,3.3,10.6,10.5
1600000US0633182,633182,"Hemet city, California",17.9,N,N,N,N,N,22898,0,12.4,5.4,3.3,18.9,11.9,2.1,2.1,6.1,18.3,8,4.8,6.8,18.9,20.9
1600000US0633434,633434,"Hesperia city, California",9,22.7,19.5,27.6,14.2,16,35034,0.7,11.4,7.1,3,16.4,12.1,1.5,5.3,6.7,19.4,8.3,2.5,5.6,18.8,20.7
1600000US0636000,636000,"Huntington Beach city, California",4,45.2,14.9,24.9,6.9,8.2,105289,0.4,6,10.9,3.1,12.6,4.3,2,7.5,13.6,20.4,9.4,5.3,4.5,4.8,8.2
1600000US0636448,636448,"Indio city, California",9.5,26.7,30.8,21.2,15.7,5.6,34076,0.9,10,3.5,1,12.5,5.1,1.1,4.4,15.4,16.8,20.3,5,3.8,9.9,19.3
1600000US0636546,636546,"Inglewood city, California",8.5,31,22.8,24.3,7.3,14.6,54966,0.5,5.8,7.8,1.5,9.8,10.1,2.6,6.3,9.6,22.3,12.3,6.3,5.1,10.7,14.9
1600000US0636770,636770,"Irvine city, California",5.9,63.8,8.7,20.7,2,4.7,127201,0.3,1.9,14.4,4.2,7,1.6,2.4,12.9,19,23,7.1,3.5,2.6,1.7,12.7
1600000US0637692,637692,"Jurupa Valley city, California",8.7,19.9,17.5,23.3,15.5,23.8,45420,1.3,11.2,12.8,3.5,12.7,12.5,0.7,3.1,8.4,17.9,8.7,4.7,2.5,15.1,17
1600000US0639248,639248,"Laguna Niguel city, California",4.6,52.4,12.4,27.5,3.5,4.2,33777,0,7.2,8,1.9,11.7,3.1,4.5,11.3,15.4,20.1,10.1,4.4,2.1,1.9,6.1
1600000US0639496,639496,"Lake Forest city, California",4.1,47,16.5,27.2,4.9,4.4,47009,0.3,4.5,9.7,3.8,11,4.8,3.1,7.9,16.6,17.7,10.8,6.1,3.8,3.2,8.1
1600000US0639892,639892,"Lakewood city, California",5.6,41.8,16.2,25.2,5.3,11.6,38368,0.8,4.5,9.9,3.1,9.8,7.7,1.7,4.7,8.8,29,13,2.6,4.5,4.3,10.1
1600000US0640130,640130,"Lancaster city, California",6.5,34,18.7,24,10.6,12.7,57749,1.1,6,11.7,1.9,12.6,4.8,2.6,2.9,7.6,27.5,7.3,5.9,8,8.6,24.8
1600000US0641992,641992,"Livermore city, California",3.8,47,15.4,23.3,6.4,7.9,49296,0.2,7.4,9.1,2.7,11.5,4.7,2.4,6.2,20.9,18.2,9.6,4.6,2.5,4,5.2
1600000US0643000,643000,"Long Beach city, California",6.8,35.9,21,22.1,7.5,13.4,231816,0.5,4.7,9.7,2.9,9.6,8.3,2.4,5.7,12.4,22.4,11.8,6.3,3.3,11.5,18.8
1600000US0644000,644000,"Los Angeles city, California",6.7,37,21.3,22.4,7.6,11.7,1990871,0.4,5.9,8.2,2.9,10.4,4.6,6.3,6.1,14.3,19,12.8,6.9,2.3,10.2,19.5
1600000US0644574,644574,"Lynwood city, California",7.8,N,N,N,N,N,29751,0.6,10.7,21.3,5.4,13.9,7.8,1.2,2.9,8.2,11,7.6,6.1,3.2,21.6,21.3
1600000US0645484,645484,"Manteca city, California",8.6,25.5,15.2,27.6,11.1,20.6,33169,0.9,8.1,13.6,5.9,14.9,10,0.8,3.3,8.1,20.5,5.7,4.2,4.1,11.8,11.2
1600000US0646842,646842,"Menifee city, California",7.3,33.9,20.4,24.3,10.3,11,36117,0.7,9.3,7.7,3.1,12.8,7.2,1.5,5.2,10,24.7,7.3,6.3,4.2,6.3,8.2
1600000US0646898,646898,"Merced city, California",15.3,26.3,26.5,20.6,13.1,13.5,30240,6.6,5.5,5.9,1.8,10.6,6.1,1.3,4.3,6.6,27.5,12.5,5.6,5.6,29.5,28.2
1600000US0647766,647766,"Milpitas city, California",3,53.7,13.4,15.8,5.5,11.7,39000,0.1,1.4,21.1,2.6,6.6,4,3.8,5,26.9,17.5,3.9,5.9,1.4,1.5,7.8
1600000US0648256,648256,"Mission Viejo city, California",4.4,53.2,14,23.5,4.4,4.9,51787,0.1,3.8,10.4,2.9,10.3,2.5,2.1,11.9,16.5,20.8,10.1,5.4,3.2,1.8,4.7
1600000US0648354,648354,"Modesto city, California",9.4,29.4,19,26.9,12.5,12.2,87025,2.6,8.3,9.7,3.6,12.8,5.1,0.9,3.7,11.6,23.1,10.6,4.8,3.2,15.3,13.7
1600000US0649270,649270,"Moreno Valley city, California",9.2,23.6,17.5,28.9,9.1,20.8,88571,0.4,7.1,7.7,3.9,14.4,14.2,1.6,6.2,8.1,17.7,8.5,5.1,5,15.2,16.4
1600000US0649670,649670,"Mountain View city, California",4.1,70.3,10.7,11.8,4.2,3.1,44456,0.2,3.2,10.8,1,6.4,1.8,10.4,3.6,30.1,19.3,8.2,3.9,1.2,3,11.6
1600000US0650076,650076,"Murrieta city, California",8.9,41.2,18.5,22.6,8.4,9.3,48061,0.3,7.1,7.7,3,13.2,5.6,2.1,4.7,9.7,26.2,8.7,6.3,5.3,5,11.9
1600000US0650258,650258,"Napa city, California",5.3,36.2,24.1,21.5,9.6,8.6,41977,6.5,4.5,13.1,3.2,9.6,2.4,0.6,5.7,10.6,19.5,17,3.1,4.1,4.3,7.8
1600000US0651182,651182,"Newport Beach city, California",N,59.1,8.5,28,0.7,3.8,43743,0.5,2.9,11.7,5.5,11,2,2.1,16,18.4,15.1,8.8,3.8,2.3,0.9,6.7
1600000US0652526,652526,"Norwalk city, California",6.2,24.5,19.3,29,8,19.2,46296,0.4,4.4,13.3,5.6,13.8,7.1,0.8,5,8.1,21.5,12.4,3.5,4.1,12.1,17.3
1600000US0653000,653000,"Oakland city, California",6.3,44.1,19.8,20.6,6.8,8.8,222986,0.4,5.7,6.5,2.2,8.8,5,4.1,6.1,18.8,21.6,11.1,6.5,3.4,10.4,18.9
1600000US0653322,653322,"Oceanside city, California",5,31.7,24.3,26.2,7.7,10.1,82856,1.1,5.4,9.2,2.3,11.9,4.5,1.6,4.7,14.3,18.6,15,7.4,4.1,7.3,11
1600000US0653896,653896,"Ontario city, California",8.7,22,17.8,29.5,11.6,19.1,79971,0.8,8.2,11.8,4.7,11.1,9.6,0.9,5.4,12.2,17.4,7.9,6.1,4,12.9,14.6
1600000US0653980,653980,"Orange city, California",4.5,42.8,16.9,23.5,6.3,10.5,72520,0.4,6.2,13.3,3.5,9.8,2.8,2.4,6.7,12.3,23.1,11.5,4.3,3.8,5.2,9
1600000US0654652,654652,"Oxnard city, California",5.5,21.4,17.6,21.7,24.2,15.1,98993,17.8,5.6,11.6,3.5,9.5,3.7,0.7,5.2,7.7,15.8,8.7,5,5.4,12.7,14.8
1600000US0655156,655156,"Palmdale city, California",8.6,30.8,21.5,19,9.3,19.4,60322,0.4,6.5,12.7,2.9,12,6.2,1.4,4.4,8.4,23.7,9.1,4.1,8,14.2,18.1
1600000US0655282,655282,"Palo Alto city, California",4.2,80.4,8.9,8.5,0.5,1.6,32411,0,1,11.1,2.5,3.9,0.1,7,5.8,29.4,27.5,6,3.9,1.7,2.3,8.6
1600000US0656000,656000,"Pasadena city, California",4.7,55.1,14.8,20.3,6,3.9,74853,0.1,6,5.1,3,9.7,3.3,5.1,6.3,17.4,23.8,10.8,5.1,4.5,5,14.3
1600000US0656700,656700,"Perris city, California",9.8,N,N,N,N,N,30394,0.2,8.5,12.3,3.9,14.7,9.2,0.6,3.6,10.1,19.8,8.8,1.1,7.2,22.3,21
1600000US0657456,657456,"Pittsburg city, California",8.6,28.9,26.9,23,11.6,9.6,32613,0.5,9.7,5.3,1.9,9.6,7.5,2.2,5.4,17.6,21.8,10.9,4.4,3.3,15.1,11
1600000US0657792,657792,"Pleasanton city, California",4,68.9,7.3,19.6,1.5,2.8,38784,0.1,1.5,14.4,5.7,7.5,3.6,4.2,8.2,24,17.5,6.6,3.7,3,1.2,6.2
1600000US0658072,658072,"Pomona city, California",8.5,19.4,24.7,23.2,11.3,21.4,73563,1.5,7.1,13.4,3.3,12.2,7.1,0.5,4.8,13.3,16.4,11.5,6.2,2.8,15.8,20.8
1600000US0659444,659444,"Rancho Cordova city, California",6.3,35.8,19.7,27.3,7.2,9.9,33984,0.1,4.2,7.2,2.8,11.9,7,0.9,9.5,12.6,18.5,9.6,4.2,11.5,11.6,11.6
1600000US0659451,659451,"Rancho Cucamonga city, California",7.1,43.6,11.6,26.7,7.2,10.9,86733,0.5,5.2,11.6,3.9,10.4,5.8,2.4,6.4,10.2,26.1,7.1,5,5.5,7.6,8.4
1600000US0659920,659920,"Redding city, California",6.5,31.5,24.5,25.6,9.1,9.3,38781,1.1,6.3,4.6,1.3,12.9,4.5,1.5,6.9,8,29.1,12.3,6.1,5.2,10.8,20.3
1600000US0659962,659962,"Redlands city, California",6.1,40.5,15.7,28.4,7.9,7.5,31355,0.4,4.8,6.3,1.6,14,7.3,0.2,4.8,6.7,32.3,10.5,6.9,4,10.7,12.6
1600000US0660018,660018,"Redondo Beach city, California",N,61.8,10.3,19.7,4,4.3,38031,0,3.4,14.8,2.5,6.4,3.2,6.7,10.4,15.5,20.3,8.2,5,3.7,2.5,4.9
1600000US0660102,660102,"Redwood City city, California",2.3,46.3,18.1,18.5,9.5,7.5,49979,0.6,8,7.3,2.1,9.3,2.6,5.1,6.7,23.4,18.3,8.7,6.6,1.5,2.5,8.6
1600000US0660466,660466,"Rialto city, California",12.5,17.1,19.5,27.6,9.3,26.4,43973,0.9,7,9.6,3.6,14,16.6,0.4,4.8,7.7,16.9,8.4,5.2,4.8,26.1,18.1
1600000US0660620,660620,"Richmond city, California",7.2,28.2,23.7,23.1,13,12,51266,0.4,10.5,5.1,1.9,10.2,7.4,1.6,5,13.1,23,9.9,7.4,4.5,11,14.5
1600000US0662000,662000,"Riverside city, California",8.1,31.6,17.2,24.8,9.9,16.5,145690,0.6,9.1,12,3.6,11.4,6.4,1.1,4.5,9,23.6,10.3,3.9,4.5,11.9,15.1
1600000US0662938,662938,"Roseville city, California",5.5,47.8,15.1,26.1,5,6.2,60844,0,5.6,6,2.5,12.5,4.5,1.6,9.8,12,25.5,9.9,3.7,6.6,2.9,7.4
1600000US0664000,664000,"Sacramento city, California",7.2,39.8,20,23.6,6.9,9.7,228316,0.7,5.3,5.6,2.3,9.4,6,2.2,6.8,11.6,23,9.4,5.5,12.2,13.4,19
1600000US0664224,664224,"Salinas city, California",3.6,18.9,16.6,21.4,29.8,13.3,72530,28.6,5.7,5.1,3.3,11.4,2.8,1.6,2.5,6.1,16.1,8,5.4,3.5,8.6,14.8
1600000US0665000,665000,"San Bernardino city, California",9,15.8,26.9,24.6,10,22.8,81563,0.5,7,8.4,3,14.6,12.3,0.9,2.8,10.2,17.5,12.4,5.4,4.9,30.2,29.4
1600000US0665042,665042,"San Buenaventura (Ventura) city, California",5.1,42.8,19.5,22.9,6.9,7.8,53237,3.7,4.4,6,3.7,10.8,3.8,1.4,5.3,14,22.1,11,5.7,8.1,6.2,8.2
1600000US0665084,665084,"San Clemente city, California",N,N,N,N,N,N,31708,0.8,6.1,13.2,4.4,10,2.5,3.2,8.4,18.1,17.4,6.4,5.7,3.8,4.3,6.2
1600000US0666000,666000,"San Diego city, California",6.2,46.2,19.1,20.9,6.1,7.6,701689,0.6,4.4,8.9,2,9.7,4.3,2.5,6.7,17.8,20.8,11.8,5.8,4.9,5.9,13.1
1600000US0667000,667000,"San Francisco city, California",4.5,57,16.6,18.4,3.3,4.7,511365,0.3,3.3,5.1,2.1,8.6,3.8,5.5,9,24.6,18.1,11.4,5,3.3,4.7,10.1
1600000US0668000,668000,"San Jose city, California",5.3,44.6,18.3,20.8,7,9.3,528044,0.4,6,16,1.8,9.4,3.4,3.6,5.2,18.6,18.7,9.6,4.7,2.7,7.6,10.7
1600000US0668084,668084,"San Leandro city, California",3.1,34.1,20.7,23.4,9.8,11.9,44679,0.2,9.9,9.1,4,10,10.3,1.5,3.9,10.2,20.9,8.3,6.5,5.1,7.3,10.2
1600000US0668196,668196,"San Marcos city, California",7,37.1,16.2,26.5,9.9,10.3,43678,0.5,6.7,15.3,4.1,10.4,1.5,1.2,5,15.8,20.8,10.3,6.3,2.2,5.2,11.6
1600000US0668252,668252,"San Mateo city, California",2,51.2,17.5,17.1,6.2,8,59022,0.5,5.8,9,1.8,7.7,3.5,4.4,8.5,22.2,19,10.7,4.7,2.1,6.5,6.9
1600000US0668378,668378,"San Ramon city, California",2.9,66.6,7,20.5,0.6,5.3,40086,0.3,1.6,11.9,3.5,7.1,5.9,4.8,11.6,23,19.3,6.8,1.1,3.1,2.2,3.2
1600000US0669000,669000,"Santa Ana city, California",5.7,17.4,29.2,22.6,11.8,19,163464,1.1,7.8,15.7,2.1,12.3,3.5,1.2,4.9,15.7,12.4,14.1,7.7,1.6,16.8,17.2
1600000US0669070,669070,"Santa Barbara city, California",4,43.8,22.4,22.3,5.6,5.8,48451,1.6,5.4,8,1.6,10.3,2.9,3.5,3.2,17.9,22.4,16,5,2.2,4,15.8
1600000US0669084,669084,"Santa Clara city, California",4.4,62.5,12.1,15.2,4.5,5.7,66082,0,3.9,17.1,1.6,6.6,1.4,6.4,5.1,25.4,21,7.1,2.6,1.6,2.3,7.1
1600000US0669088,669088,"Santa Clarita city, California",5.8,44,17.9,23.7,6.5,7.9,93654,0.1,5.3,7.8,2.1,9.4,4.7,7.3,5.9,12.6,23.5,10.1,6.5,4.9,4.2,7.2
1600000US0669196,669196,"Santa Maria city, California",4,15.6,19,16.4,37.6,11.5,49965,34.1,2.8,6.2,1.9,6.5,4.7,1.8,2.8,5.1,15.2,9.2,5.4,4.3,15.1,15
1600000US0670000,670000,"Santa Monica city, California",6.1,66.5,11.8,16.6,1.5,3.6,53541,0.1,1,4.2,1.7,6,1.6,13.1,9.2,24.8,18.9,13.6,4.1,1.7,1.3,11.2
1600000US0670098,670098,"Santa Rosa city, California",5,36.5,21.2,25.9,7,9.4,88975,1.1,4.1,12.3,3.9,12,4.3,1.8,6.9,12.5,23.1,9.6,5,3.5,8.7,9.3
1600000US0672016,672016,"Simi Valley city, California",3.9,39.8,17.8,26,7.4,9,68596,1.4,6,10.6,2.3,12,4,2.9,11.3,11.5,20.2,9.4,4.3,4.1,4.7,4.6
1600000US0673080,673080,"South Gate city, California",8.5,16,14.9,30.6,9.9,28.7,42076,0.5,7.6,17.6,5.9,14.5,9.4,2.3,4.2,6.7,14.9,8.2,5.2,2.9,21.7,18.8
1600000US0673262,673262,"South San Francisco city, California",N,33.8,21.1,24.4,8.5,12.3,37811,0,5.7,7.3,4.3,10,5.8,3.5,6.8,12.7,18.7,15.5,6.1,3.6,2.2,9.5
1600000US0675000,675000,"Stockton city, California",11.4,24.5,23.1,23.4,13.4,15.6,122970,2.9,8.8,8.2,3.6,12.6,7.5,1.7,3.9,7.5,24,8.6,4.8,6,22.3,17.7
1600000US0677000,677000,"Sunnyvale city, California",4.6,66,11.8,14,3.8,4.4,81669,0.2,3.4,18.6,2.3,8.3,1.6,8.7,3.1,27.1,14.3,6.9,2.7,2.7,2.4,7
1600000US0678120,678120,"Temecula city, California",7.6,37.1,21.2,26.5,7.8,7.4,52267,0.8,8,6.7,2.6,12.2,5.1,2.1,6.1,12.3,20.1,12.9,3.9,7.1,3.9,8.1
1600000US0678582,678582,"Thousand Oaks city, California",5,50.2,16.8,21.8,6.2,4.9,64674,0.7,4,9.6,3.3,8.7,1.9,3.9,8.7,15.9,19.8,11.6,7.9,3.9,2.8,7.5
1600000US0680000,680000,"Torrance city, California",4.8,50.5,12.8,24.2,4.2,8.3,73868,0.3,2.7,12.1,4,9.5,6.4,3.1,7.5,16.6,18.9,10.7,4.8,3.3,2.4,5.1
1600000US0680238,680238,"Tracy city, California",5.2,24.8,16.2,28.9,13.7,16.5,42460,0.3,13,8.9,2.6,16.4,10.2,1,6.1,9.7,16.6,8.6,4.4,2.1,8.1,6.7
1600000US0680812,680812,"Turlock city, California",8.4,29.2,21.3,22.2,9.8,17.5,32016,6.5,3.4,16.8,2.4,10.9,4.4,0.5,3.7,7.6,27.3,8.2,3.8,4.5,9.8,13
1600000US0680854,680854,"Tustin city, California",4.4,48.4,14.5,22.6,5.5,9.1,45703,2.2,1.9,12.2,5.3,8.7,2.9,1.9,11.3,17.1,18.1,9.7,7.3,1.4,6.5,10.2
1600000US0681204,681204,"Union City city, California",4.8,41,15.4,24.2,7,12.5,38832,0,3.8,14.8,1.6,12.2,4.8,3.7,5.1,18.3,19,9,4.8,2.7,4,6.8
1600000US0681344,681344,"Upland city, California",3.8,35.5,22,27,6.2,9.3,39877,0.1,6.7,6.2,3.1,13.9,6.2,0.6,5.6,13,20.1,11.1,9,4.3,9.1,15.6
1600000US0681554,681554,"Vacaville city, California",3.2,33.9,20.9,26,10.2,9,45094,0.8,9.4,8.7,1.9,10.1,6.6,1.5,7.2,10.2,18.6,11.9,5.4,7.7,6.6,5.6
1600000US0681666,681666,"Vallejo city, California",10.3,27.8,26.8,23.2,9.2,13,56367,0.4,6.8,8.7,2.7,9.5,4.7,1.8,5.9,10.7,25.9,12.3,4.9,5.7,14.1,16.9
1600000US0682590,682590,"Victorville city, California",13.4,25.4,24.8,25.3,10.7,13.8,42207,0.3,5.7,6.4,2.8,13,11.3,1.6,3.1,11.8,21.7,8.4,5,8.9,28.3,22.9
1600000US0682954,682954,"Visalia city, California",5.3,37,17.7,23.7,11.4,10.3,52425,5.3,4.7,8.7,2.3,11,4.4,1.2,4.6,5.6,32,7.7,6.7,6,17.8,20.4
1600000US0682996,682996,"Vista city, California",3.2,23.7,23.6,21.9,13.1,17.8,50657,1.4,10.4,17.7,4.4,12.1,3.9,1.3,3.9,13.3,13.2,11,5.3,2.1,9.8,13.5
1600000US0683346,683346,"Walnut Creek city, California",6,63.7,9.8,17.5,4,5,33620,0.1,5.3,4.3,1.3,7.7,3.4,4.9,13,21.3,21.4,9.9,3.7,3.8,4.3,6.9
1600000US0684200,684200,"West Covina city, California",5.5,34,17.5,28.8,7.5,12.3,51518,0.7,5.3,8.4,3.9,12.3,5.4,1.8,6.3,10.5,24.3,10.5,3.1,7.4,7.3,10.8
1600000US0684550,684550,"Westminster city, California",5.9,33.4,18.8,25.5,6.4,15.8,41086,0.7,5.1,18.6,2.9,11.4,3.4,1.7,7.3,11.7,16,9.5,8.7,3,17.6,17.7
1600000US0685292,685292,"Whittier city, California",4.9,33.3,13.9,31.8,7.3,13.7,41821,0.3,5.6,13.2,4.2,11.9,5.9,1.7,8.4,7.9,22.5,8.4,5.3,4.8,5.8,9.4
1600000US0686832,686832,"Yorba Linda city, California",5.1,53,9.1,27.9,4.4,5.6,30887,1.1,2.3,12.8,4.9,11.8,5.5,1.4,12.2,12.2,19.5,7.2,5.2,3.8,2.7,5.7
1600000US0686972,686972,"Yuba City city, California",8.8,21.2,16.2,26.4,19.7,16.6,27651,13.1,5.2,9.4,7,11.2,7,0.6,3.4,9.4,17.2,6.7,3.1,6.8,14.7,18.3
1600000US0803455,803455,"Arvada city, Colorado",5.1,46.3,14.9,24.4,6.2,8.3,63269,1.4,6.5,8.7,3.1,12.8,4.4,2.1,6.6,15.6,20.7,9.1,4.7,4.3,5.5,5.4
1600000US0804000,804000,"Aurora city, Colorado",4.5,30.3,19,25.1,12.9,12.7,189614,0.4,10.5,5.4,2.8,12.5,8.1,3.2,7.3,13.9,17.8,9.6,5.2,3.4,10.5,12.2
1600000US0807850,807850,"Boulder city, Colorado",5.3,61.3,15.8,14.5,4,4.5,59834,1.4,2,6.6,2.1,6.4,1.7,4.3,3.8,20,27.8,14.8,4.9,4.1,3.8,19.3
1600000US0809280,809280,"Broomfield city, Colorado",4.4,53.3,15.2,20.6,4.9,5.9,35693,0.7,5.3,10.2,1.4,10.3,3.5,4.7,6.5,17,24.3,8.6,2.7,4.8,3.2,8.5
1600000US0812815,812815,"Centennial city, Colorado",3.6,53.5,11.9,24.2,3.8,6.6,59692,1.2,5.8,6.7,2.5,8.9,3.3,4.1,11.8,17.4,22,9.2,3.4,3.6,1,2.7
1600000US0816000,816000,"Colorado Springs city, Colorado",5.7,42.5,18.9,24.2,7.3,7.2,223158,0.3,6.7,5.4,1.8,10.5,3.6,3.1,7.6,14.2,23.1,10.9,6.8,5.9,11.4,13.2
1600000US0820000,820000,"Denver city, Colorado",4.3,47.7,16.2,20.8,7.7,7.6,384689,0.8,7.6,4.7,2.3,9,4.2,3.4,8.7,17.5,21.3,11.8,5.3,3.5,9,13.7
1600000US0827425,827425,"Fort Collins city, Colorado",6.1,47.1,18.6,22,6.1,6.2,90428,1.9,5.2,7.9,1.8,9.7,2,2.2,5.7,13.8,27.7,13.1,5.2,3.9,6.9,15.7
1600000US0832155,832155,"Greeley city, Colorado",5,27.4,19.7,24.6,11.6,16.7,46782,4.7,9,9.9,2.6,11.8,5.2,1,5.1,9,22.8,8.3,6.1,4.4,12.5,17.3
1600000US0836410,836410,"Highlands Ranch CDP, Colorado",4.5,60.5,8.5,24.2,2.5,4.3,59421,1.5,4.3,6.9,2.7,10.8,3.2,6.5,12.7,18.9,19.6,7.4,3,2.5,1.8,3.1
1600000US0843000,843000,"Lakewood city, Colorado",3.7,41.2,20.7,21.4,9,7.7,84908,1.5,8.1,5.7,2.5,12,3.1,2.7,6.3,15.4,17.9,14.2,4.9,5.7,6.5,8.6
1600000US0845970,845970,"Longmont city, Colorado",5.4,40.9,18.4,20.8,8.6,11.3,46779,1.1,7,15.9,2,9.2,3.6,2.3,3.7,15.5,21,10.5,6,2.2,7,7.5
1600000US0846465,846465,"Loveland city, Colorado",N,34.8,19.7,23.9,7.2,14.5,37894,0.4,7.6,9.9,1.1,13,8.6,1.5,4.2,12.4,20.8,10.2,6.2,4.2,7.9,9.5
1600000US0862000,862000,"Pueblo city, Colorado",9.1,31.7,22.4,24.4,10.2,11.3,44730,1.1,7.2,6.1,2.6,12.4,4.1,2.4,3.2,8.7,32.7,9.7,5.4,4.4,21.1,24.2
1600000US0877290,877290,"Thornton city, Colorado",2.7,33.7,16.5,27.2,10.6,12,73959,1.4,9,7.1,6,12.5,5.5,2.5,4.6,12.8,17.9,9.9,5.7,4.9,8.7,8
1600000US0883835,883835,"Westminster city, Colorado",4.1,40.4,14,23.3,8.8,13.4,61571,0.8,7.9,10.4,4.3,11.3,5.7,3.3,5,15.4,17.1,11.2,4.9,2.6,8.8,8.7
1600000US0908000,908000,"Bridgeport city, Connecticut",16.3,24.4,30.3,20.1,10.6,14.5,67251,0.1,9.3,8.8,1.6,12.7,5.2,1.4,4.1,10.6,28.2,8.5,7,2.5,28.4,21.9
1600000US0918430,918430,"Danbury city, Connecticut",5.7,33.3,23.1,20,7.4,16.2,46086,0.4,7.1,13.7,3,14.2,3.1,1.9,5.7,12.2,22.8,7,5.6,3.3,8.7,8.9
1600000US0937000,937000,"Hartford city, Connecticut",11.7,24.1,28.3,25.5,5.2,16.9,50667,0.1,4.2,8.5,2,12.9,8.8,1.5,5.3,10.5,26.6,11.4,4.9,3.3,43.7,27.3
1600000US0950370,950370,"New Britain city, Connecticut",7.3,27.1,24.6,20.9,8.5,18.8,33270,0,6,17.9,1.5,8.6,4,1.1,6.8,12.1,25.2,7.9,5.2,3.8,33.7,22.4
1600000US0952000,952000,"New Haven city, Connecticut",10.1,37.8,26.6,17.4,5,13.1,59912,0,3.1,8.7,1.6,9.9,2.9,1.8,3.7,9.1,42.1,9,6,2.1,24.6,24.5
1600000US0955990,955990,"Norwalk city, Connecticut",7.1,44.2,17,22.7,9.6,6.4,48175,0.6,9.4,4.1,3.3,12.4,5,3,10.3,17.9,18.1,8.3,6.4,1.2,6.9,7.7
1600000US0973000,973000,"Stamford city, Connecticut",5.6,42.7,24.5,18.6,6.2,8,74915,0,6.6,4.8,1.5,8.2,4,1.8,11.5,21.2,21.8,10.5,5.6,2.4,10.2,8.3
1600000US0980000,980000,"Waterbury city, Connecticut",12.1,27.6,22.4,23.3,8.3,18.4,45380,0.1,5.8,14.5,2.6,13.5,4.2,2.2,2.6,7.8,33.6,6.8,3.6,2.8,31.7,21.9
1600000US1077580,1077580,"Wilmington city, Delaware",11.7,37.3,29.2,21.4,4.4,7.8,29456,0.3,3.1,4,1.7,10.2,6.3,1,8.3,15.7,29.4,11.5,5.2,3.3,25.7,27.7
1600000US1150000,1150000,"Washington city, District of Columbia",6.9,61.4,15.8,15.7,3,4.1,364797,0.1,2.6,1.2,0.6,4.6,3.6,3.4,6.6,22.8,18.5,10.3,9.5,16,14.5,18.6
1600000US1200410,1200410,"Alafaya CDP, Florida",N,N,N,N,N,N,41454,0.1,1.3,5.6,2.3,6.5,7.6,0.4,10.1,20.2,22.1,15,3.8,5,7.9,15.4
1600000US1207300,1207300,"Boca Raton city, Florida",5.6,48.1,12.8,29.7,6.3,3,44316,0.2,5,4.1,3,15.8,3.7,0.6,13.8,18.7,20.1,8.1,5.7,1.5,2.1,8.7
1600000US1207875,1207875,"Boynton Beach city, Florida",8.1,30.7,24.2,28,9.9,7.1,38037,0.1,9.2,4.1,2.1,14.1,3.8,2.1,7.2,14.2,21,12.6,6.8,2.8,10.2,14.4
1600000US1208150,1208150,"Brandon CDP, Florida",4.6,36.6,16.6,31.2,5.3,10.2,56949,0.1,4.1,4.7,2.1,16.3,6.6,2.4,11.6,13.1,20.8,10.5,2.9,4.8,11,8.8
1600000US1210275,1210275,"Cape Coral city, Florida",6.3,30.1,19.2,29.7,12.1,9,81359,0.4,10.7,2.2,2.8,13.7,4.1,1.3,6.9,13,19.6,13.5,6.9,4.9,9.9,11.9
1600000US1212875,1212875,"Clearwater city, Florida",8.7,35.4,20.6,28.4,6.7,8.9,48952,0.4,5.8,6,2.5,10.4,5.2,1.4,8.1,15.7,20.5,13.6,5.5,4.9,14.2,16.7
1600000US1214400,1214400,"Coral Springs city, Florida",7.6,43.2,18.9,26.6,5.3,5.9,67182,0,4.1,5.1,3.6,13.1,3.9,2.3,9,12.5,26.6,7.2,7.7,4.8,10.7,9.3
1600000US1216475,1216475,"Davie town, Florida",6,42.9,15.4,27.6,5.2,9,49204,0.2,6.4,3.1,4.9,15.1,5.9,0.8,8.7,12.5,23.8,9.6,5.6,3.4,12.9,13.8
1600000US1216525,1216525,"Daytona Beach city, Florida",9.5,31.3,22.4,27.7,7.6,10.9,27642,0.1,7.3,4.3,2.9,12.8,2.5,1.5,5.7,11.8,26.1,17.2,2.8,5.1,24,20.1
1600000US1216725,1216725,"Deerfield Beach city, Florida",9.1,29.5,25.3,24,11.7,9.6,36778,0.2,9.6,5,1.6,12.9,5.9,1,6.5,14.5,18.3,15.4,5.6,3.3,16.9,17.9
1600000US1217100,1217100,"Delray Beach city, Florida",6,38.9,25.7,23.9,4.7,6.8,33065,0,4.6,2.7,1,15.7,4,2.6,6.6,15.4,23.2,15.2,4.7,4.2,8.1,12.5
1600000US1217200,1217200,"Deltona city, Florida",8.7,28.5,18.3,32.3,12.6,8.4,39479,0,8.6,4.5,3,16.6,7.4,2.4,4.5,10.8,23,11.5,3.9,3.9,16.5,11.5
1600000US1224000,1224000,"Fort Lauderdale city, Florida",4.6,35.8,23.7,24.9,8.5,7.2,93879,0.2,7,4.6,3.9,12.2,5,1.6,9.2,15.4,15.1,15.9,6.3,3.7,13.4,15.5
1600000US1224125,1224125,"Fort Myers city, Florida",7.4,27.4,24.6,28.9,13.3,5.8,31438,1.4,12.7,3.8,1.6,13.2,3.1,1.9,9.8,11.6,20.3,13.4,5.1,2.1,18.7,17.1
1600000US1225175,1225175,"Gainesville city, Florida",6.9,41.4,25.1,24.2,4.5,4.8,57072,1.2,1.7,2.1,0.8,12.5,3,1.1,4.8,11.5,38.6,14.2,5.4,3,12.8,33.4
1600000US1230000,1230000,"Hialeah city, Florida",5.4,15.3,23.9,23.7,15.2,21.9,106797,0.3,12,9.9,3,13.2,11.2,1.9,5.7,10.4,15.3,8.2,6.9,2,45.1,22.5
1600000US1232000,1232000,"Hollywood city, Florida",4.7,32.4,23.1,28.2,7.5,8.8,78252,0.3,4.9,1.9,4,13.2,6.2,1.1,9.9,13,19.2,14.4,7.2,4.6,16.5,12.8
1600000US1232275,1232275,"Homestead city, Florida",N,N,N,N,N,N,25730,6.8,11.8,2.5,2,14.2,5.7,0.3,4.8,12.3,15.6,9.6,5.5,8.8,41.3,33.9
1600000US1235000,1235000,"Jacksonville city, Florida",6,35.7,18.4,26.7,8.6,10.5,414904,0.2,7,4.9,3.2,11.7,6.8,1.4,11.7,13.5,20,10.6,4.1,5,15.9,14.9
1600000US1236100,1236100,"Kendall CDP, Florida",4.5,49.8,13.8,26.9,2.7,6.9,38323,0.3,4.6,3,4.7,10.3,6.3,2.7,9.3,14.9,23.1,10.9,5.4,4.5,13.7,10.8
1600000US1236950,1236950,"Kissimmee city, Florida",N,N,N,N,N,N,31821,0.5,5,3.3,3.7,17.3,9.4,0.8,6.4,7.9,12.7,25,5.9,2.1,31.8,23.8
1600000US1238250,1238250,"Lakeland city, Florida",4.5,35.5,15.6,30.3,7.6,11,45737,0.6,6.2,6.8,2.6,17.7,4.9,1.2,9.2,15.6,17.1,10.1,4.4,3.5,11.6,15.2
1600000US1239425,1239425,"Largo city, Florida",8,28.4,21.1,30.9,4.5,15.2,37007,0,3.1,10.2,1.9,15.5,4.3,0.3,14.6,14.2,20,10.7,3.4,1.7,13.2,14.6
1600000US1239550,1239550,"Lauderhill city, Florida",7.6,N,N,N,N,N,30747,1.4,11.5,4.3,1,15.1,3.8,1.7,4.1,12.6,24.5,13.7,2.7,3.6,24.7,24.3
1600000US1239925,1239925,"Lehigh Acres CDP, Florida",5.2,24.6,23.2,24.3,14.8,13.2,52031,0.6,13.8,3.3,2.5,16,6.6,1.3,3.8,10.8,21.3,11.9,5,3.2,20.3,19.1
1600000US1243975,1243975,"Melbourne city, Florida",5,40,21.5,20.1,10.6,7.7,35020,0.1,8.7,10.7,0.8,11.2,5,1,2.8,12,24.3,14.5,5.1,3.8,14.1,22.7
1600000US1245000,1245000,"Miami city, Florida",6.8,31,24.3,21.9,11.9,10.9,214066,0.5,10.5,4.3,3.2,11.2,6.7,1.9,8.5,13.8,15.6,14.2,6.8,2.7,32.4,24.9
1600000US1245025,1245025,"Miami Beach city, Florida",2.8,39.1,22.8,27.2,5.3,5.7,55799,0.3,6.7,3.1,2.2,9.9,5.3,2.2,10.8,15.3,12.4,24.1,6.4,1.4,15.1,13.5
1600000US1245060,1245060,"Miami Gardens city, Florida",9,19,26.6,28.3,8.6,17.4,47716,0,6.5,2.9,1.4,15.5,15.5,2.8,5.1,8.1,22.4,8.7,5.1,6.2,29.3,24
1600000US1245975,1245975,"Miramar city, Florida",3.7,35.9,19.4,27.6,7.4,9.7,72664,0.4,5,7.2,2.4,13,5.7,3.3,8.8,10.5,25.8,10.2,4.2,3.6,7.4,12.4
1600000US1253000,1253000,"Orlando city, Florida",5.5,37.9,21.1,25.9,6.5,8.6,150974,0.5,5.5,3.9,2.8,11,6.9,1.4,6.7,14,19.5,20.7,4.2,2.9,18.7,19.4
1600000US1254000,1254000,"Palm Bay city, Florida",6.9,29.7,24.4,22.5,11.5,11.8,47935,1.3,8,9.4,0.6,13.7,6.9,1,3.6,12.9,20,12,7.3,3.2,15.2,17.4
1600000US1254200,1254200,"Palm Coast city, Florida",4.9,N,N,N,N,N,31956,0,5.4,4,0.9,17.4,5.7,1.1,6.1,10.8,23.6,15.8,5.9,3.5,9.8,11.7
1600000US1255775,1255775,"Pembroke Pines city, Florida",4.6,42.3,16.4,26.8,6.4,8.1,87937,0.2,4.9,4.1,3.1,9.2,7.3,3.5,8.3,13.7,26.4,9.4,3.4,6.5,8.2,11.8
1600000US1256825,1256825,"Pine Hills CDP, Florida",8.5,17.8,33.3,25.8,6.6,16.5,34685,0,6.1,4.3,2,15.9,4.8,1,4,8.2,22.4,25.3,4.4,1.6,35.2,24.1
1600000US1257425,1257425,"Plantation city, Florida",4.6,42.6,13.4,32,6.1,5.8,51168,0,6.1,4.7,3.1,15.6,2.8,2.3,9.5,18,16.7,11.8,6.1,3.3,6.4,8.4
1600000US1258050,1258050,"Pompano Beach city, Florida",6,24.2,25.1,24.8,14.3,11.5,49583,0.3,13.2,4.8,2.8,15.1,4.6,1.6,6,15.1,15.5,13.4,5.8,1.7,21,18.2
1600000US1258715,1258715,"Port St. Lucie city, Florida",4.6,27,21.8,30.5,11.5,9.2,84810,0.6,9.3,4.8,2.2,18.4,4.8,3,5.3,11.6,21.8,9.5,4.4,4.3,9.4,14.1
1600000US1260950,1260950,"Riverview CDP, Florida",6.6,40.2,14.4,27.4,8.1,9.9,45058,0.3,6.3,4.7,2.6,11.2,4.6,3.2,12.7,14.4,23.3,8.2,4,4.5,10,10.3
1600000US1263000,1263000,"St. Petersburg city, Florida",4.9,39.7,18.3,27.8,7,7.1,133632,0.5,4.1,5.2,2,13.5,3.6,2.1,8.9,13.4,25.7,11,5.1,4.9,12.8,12.8
1600000US1268350,1268350,"Spring Hill CDP, Florida",7.3,33.6,20.5,25.3,8,12.7,41918,0.5,5.5,4.4,1.5,15,7.6,0.9,6.6,9.7,30.6,10.2,3.5,3.9,13.9,16.4
1600000US1269700,1269700,"Sunrise city, Florida",6.8,33.7,20.1,29.2,7.8,9.3,42935,0.1,4.4,6.9,2,18.1,4.7,3.2,10,8.2,21.2,11.3,5.9,3.9,15.3,14.7
1600000US1270600,1270600,"Tallahassee city, Florida",7.8,49.4,17.7,24.5,3.5,4.9,95457,0.1,3.7,1.1,0.9,11.4,2.2,0.9,6.3,12.9,28,12.4,4.7,15.3,13,26.1
1600000US1270675,1270675,"Tamarac city, Florida",N,30,18,31,9.6,11.4,30716,0,5.7,9.7,2.2,13.1,5.9,3.9,7,12.6,24.2,6,5.6,3.9,12.2,11.2
1600000US1271000,1271000,"Tampa city, Florida",7.5,41.5,19.4,25.6,6.1,7.3,181693,0.5,6,4.5,2.7,11.3,3.6,2.2,10.4,14,24.4,11.9,4.8,3.7,20.2,19.8
1600000US1271569,1271569,"The Hammocks CDP, Florida",N,42.2,13.5,28.5,7.7,8.2,33585,0.4,5.9,3,4.1,14.1,7.5,1.5,8,14.5,22.4,8.5,6.7,3.5,20.9,9.3
1600000US1271625,1271625,"The Villages CDP, Florida",N,N,N,N,N,N,N,N,N,N,N,N,N,N,N,N,N,N,N,N,0.3,5.8
1600000US1272145,1272145,"Town 'n' Country CDP, Florida",5.8,32.6,19.7,24.8,9.2,13.7,44276,0.7,8.2,5.1,2.6,10.3,7.4,3,8.8,14.8,19,11.9,6,2.4,21.5,17.3
1600000US1276582,1276582,"Weston city, Florida",6.1,N,N,N,N,N,33254,1.6,2.2,7.7,7,10.6,2.9,1.9,12.3,19.5,19.7,8.6,3.7,2.5,2.8,7.2
1600000US1276600,1276600,"West Palm Beach city, Florida",8.1,36.4,22.8,24.4,7,9.4,54482,0,7.3,3.6,0.8,17.1,6,2.4,6.5,13.8,19.6,14.1,4,4.8,12.4,17
1600000US1301052,1301052,"Albany city, Georgia",13.9,30.8,24.5,22.1,5.6,17,29948,2.9,1.9,10.2,2.8,13,4.7,3.1,4.7,5.6,27.2,11,6.9,6.2,28.6,32.5
1600000US1301696,1301696,"Alpharetta city, Georgia",3,60.5,10.4,21.8,3.1,4.3,33123,0,3.5,7.4,3.5,8.9,4.8,4.6,10.4,28.4,15.5,6.3,3.9,2.7,3,7.1
1600000US1303440,1303440,"Athens-Clarke County unified government (balance), Georgia",5.7,38.5,23.2,18.8,5.5,14,60034,0.3,4.6,8.3,2.9,11.8,3.8,1.2,3.6,10.5,31,16.4,3.5,2,16.3,27.9
1600000US1304000,1304000,"Atlanta city, Georgia",7.3,51.7,15.1,23,3.3,6.9,238663,0.1,3.1,5.6,2.7,9.6,5.2,3.9,8.5,19.1,20.4,12.6,5.2,4,15.4,22.4
1600000US1304204,1304204,"Augusta-Richmond County consolidated government (balance), Georgia",10.5,30.8,23.7,27.3,7,11.2,78127,0.3,4.4,6.5,2,13.5,5.4,2.8,3.3,11.6,26.7,13.4,4.1,6,21.5,25.4
1600000US1319000,1319000,"Columbus city, Georgia",7.7,33.6,19.8,25.3,6.5,14.8,80530,0.2,4.7,10.7,1.1,11.9,4.5,1.6,10.3,8.9,22.8,12.6,3.9,6.8,18.9,21.7
1600000US1342425,1342425,"Johns Creek city, Georgia",4.5,58.8,12,23.4,1.9,3.9,42352,0,2.2,11.1,5.3,8.5,2,5,10.7,26.3,14,8.1,6.4,0.5,4.3,4.9
1600000US1349008,1349008,"Macon-Bibb County, Georgia",5.7,32.4,25.6,23.1,6,13,61943,0.9,3.5,7.2,1.7,12.4,3.8,1.3,8.8,7.9,26.8,15.2,5.2,5.3,20,26.3
1600000US1367284,1367284,"Roswell city, Georgia",3.6,47.9,18.9,23.6,4.9,4.7,50616,1.9,3.4,6.9,4.7,10.8,1.4,4.2,9.9,21.9,15,13.5,4.4,2.1,7.5,8.2
1600000US1368516,1368516,"Sandy Springs city, Georgia",4.4,56.6,14.3,20.2,5.6,3.3,62852,0.4,5.6,5.5,2,9.6,3.4,4.7,11.1,24.4,17.4,9.8,3.8,2.3,5.4,11.2
1600000US1369000,1369000,"Savannah city, Georgia",10.7,29.7,23.7,25.3,7.2,14.1,67828,0.3,5.9,7,1,16.2,5.6,1.1,6.6,10.5,20.5,17.7,3.1,4.6,21.2,23.5
1600000US1380508,1380508,"Warner Robins city, Georgia",6.2,40.8,16.1,23.9,10.8,8.4,N,N,N,N,N,N,N,N,N,N,N,N,N,N,13.9,20.1
1600000US1571550,1571550,"Urban Honolulu CDP, Hawaii",4.1,37,22.8,25.3,6.4,8.5,177863,0.3,6.1,2.3,2.1,11.3,5.6,1.9,7.8,11,19.8,18.5,4.3,8.9,10.1,11.3
1600000US1608830,1608830,"Boise City city, Idaho",4.5,45.6,17.5,21.9,6.4,8.6,116035,1.1,5.7,10.5,2.2,9.3,4.3,1.4,6.1,13.2,25.2,10.8,4.2,6,9.2,14.5
1600000US1652120,1652120,"Meridian city, Idaho",N,41,14.7,27.8,4.5,12,46298,1.1,4.8,7.7,3.5,14.5,6.9,1.2,10.4,8.8,23.4,6,3.3,8.4,5,6.2
1600000US1656260,1656260,"Nampa city, Idaho",7.9,25.8,21.6,24.5,11.1,17.1,39306,1.9,8.8,9.5,2.8,10.4,5.8,1.8,5.9,9.7,22.2,12.4,5.6,3.2,15.5,15.7
1600000US1702154,1702154,"Arlington Heights village, Illinois",5.1,49.9,11.4,24.6,8.3,5.7,36839,0.2,7.4,11.3,3.4,9.4,4.6,2.8,11.3,15.6,19.6,9.4,4.1,1,4,3.7
1600000US1703012,1703012,"Aurora city, Illinois",6.9,32.4,15.3,26.1,7.7,18.6,98475,0.3,7.1,15.9,3,12.7,5.9,1.3,7.6,13.3,17.7,9.2,3.9,2.1,14.7,12.3
1600000US1706613,1706613,"Bloomington city, Illinois",3,43.8,16.9,23.8,6.9,8.6,42398,0.1,4.4,5.6,1.8,11.3,3.6,1.2,19.8,10.4,24.4,10.3,4.5,2.3,12.3,10.7
1600000US1707133,1707133,"Bolingbrook village, Illinois",4.8,37.3,15.3,25.4,6.1,15.9,39022,0.2,4.1,10.8,3.5,13.2,11.9,1.7,6.3,9.8,21.9,7.7,5.6,3.5,10.7,8.5
1600000US1712385,1712385,"Champaign city, Illinois",2.8,48.1,16.6,20.5,5.4,9.4,47521,1.2,2.6,5.3,4.3,9.8,3.6,3.2,4,7.4,40.5,11.2,5.4,1.5,6.5,21.5
1600000US1714000,1714000,"Chicago city, Illinois",8.1,40.6,20.1,21.4,4.8,13.1,1346975,0.1,3.7,8,2.5,8.5,7.3,2.1,8,16.3,22.6,11.7,4.9,4.2,18.7,19.1
1600000US1714351,1714351,"Cicero town, Illinois",7.1,9.7,21.5,20.3,11.1,37.4,36269,0.3,6.3,24.2,5.1,9.6,8.2,1.1,3.3,10.1,12.1,10.8,7.2,1.8,24.5,21.1
1600000US1718823,1718823,"Decatur city, Illinois",10.5,28.7,21.5,25,6.8,17.9,30051,1,3.5,15.6,1.2,15.3,6.5,0.8,6.2,7.5,26,8.4,5.8,2.3,26.2,22.9
1600000US1723074,1723074,"Elgin city, Illinois",7,31.4,19.4,21.1,9.6,18.4,55384,0.3,7.8,18,3.6,11.1,4.2,2.1,5.5,11.9,20.5,8.5,4.7,1.9,16.6,14.9
1600000US1724582,1724582,"Evanston city, Illinois",4.2,60.7,12.7,18.9,3.3,4.4,36185,0.1,1.9,7.2,2.2,9.8,2.5,5.1,7,15.1,34.7,8.1,4.3,2,5.6,14.1
1600000US1738570,1738570,"Joliet city, Illinois",5.8,26.3,21.8,23.2,10.3,18.3,70921,0.1,8.3,11,2.8,13.7,7.1,1.7,4.4,10.5,21.1,10.1,5.1,3.9,15.7,11
1600000US1751622,1751622,"Naperville city, Illinois",5,61.5,9.8,22.6,2,4.1,75385,0.3,3.2,11.7,4.3,8.9,3.7,2,12.5,17.8,22.1,6.4,4.3,2.9,3.5,4.1
1600000US1757225,1757225,"Palatine village, Illinois",N,46,13.1,23.4,5.6,12,38420,0,4.9,11.5,2.8,13.1,8.2,3.1,7.8,13.8,18.5,9.4,4.8,2.2,6.7,5.5
1600000US1759000,1759000,"Peoria city, Illinois",10.8,44.7,19,24.8,4.6,6.9,50395,0,3,14.4,1.4,11.6,2.3,1.8,6.3,10,34.2,8.8,3.3,2.7,18.4,19.8
1600000US1765000,1765000,"Rockford city, Illinois",11.5,24.8,21.5,24.5,5.1,24.1,63220,0,3.8,23.1,1.9,12.5,5.6,1.9,2.8,11.8,21.1,8.8,5.3,1.5,26.8,22.6
1600000US1768003,1768003,"Schaumburg village, Illinois",3.8,46.5,13.5,25.7,5.2,9,41168,0,4.1,10.7,4.8,8.9,9.2,2.4,7.2,21.2,18.2,7.3,3.2,2.6,7.1,8.1
1600000US1770122,1770122,"Skokie village, Illinois",4.3,46,15.2,22.8,5.3,10.6,29792,0,4.3,8,3.8,9.1,8.3,2.1,4.5,11.6,30.2,7.5,6.5,4.1,7.4,9.2
1600000US1772000,1772000,"Springfield city, Illinois",8.5,41.1,18.2,26.7,4.3,9.7,53272,0.4,3.8,5.7,1.6,13.5,4.2,0.6,6.6,7.8,29.5,9.3,3.4,13.7,12.6,18.5
1600000US1779293,1779293,"Waukegan city, Illinois",9.8,22.8,23.4,21.8,9.8,22.2,40743,0,5.2,16.8,5.7,14.6,3.9,2,3.8,13.1,17.3,9.6,5.2,2.8,21.1,17.3
1600000US1805860,1805860,"Bloomington city, Indiana",7.3,42.8,21.6,24,4.5,7.1,42016,0.4,3.1,5.2,0.5,16.8,1.6,2,2.3,7.6,39.7,14.2,3.9,2.7,11.1,38.1
1600000US1810342,1810342,"Carmel city, Indiana",2.3,62.8,9.6,19.3,3,5.3,46392,0.2,3.3,12.6,4.8,6.2,3.3,2.7,9.4,16.5,25.8,10.9,3.4,1.1,1.2,3.9
1600000US1822000,1822000,"Evansville city, Indiana",6.5,28.2,21,22.9,6.5,21.4,57295,0.4,3.9,18.7,2.2,14.6,4.1,2.2,4.2,8.5,19.4,14.5,5.5,1.7,14.7,23.7
1600000US1823278,1823278,"Fishers city, Indiana",2.7,58,11.9,23.5,2.8,3.7,50574,0.2,3.8,9.1,5.2,8,3,3.1,11.2,14.4,25.7,8.8,3.4,4.2,2.8,2.9
1600000US1825000,1825000,"Fort Wayne city, Indiana",5.6,32.3,16.9,25.1,6.2,19.6,124079,0,5,16.3,3.3,13.9,4.6,2.9,6,9.7,21.7,9.9,4.6,2,14.1,19
1600000US1827000,1827000,"Gary city, Indiana",12.2,19.2,27.6,27.1,7.7,18.3,25954,0.5,3.2,12.6,2.3,13.8,6.9,0.5,4.9,5.7,28.3,10.9,5.2,5.1,27.1,33.3
1600000US1831000,1831000,"Hammond city, Indiana",9.3,19,24.8,25,6.8,24.4,33798,0.2,5.7,16.6,2.7,10.5,7.5,0.8,4.2,10.4,22.7,12.9,3,2.7,20.8,21.3
1600000US1836003,1836003,"Indianapolis city (balance), Indiana",5.9,34.6,17.6,26.3,6.3,15.1,415535,0.1,5.3,10.5,3.6,12.2,7.7,1.5,7.2,11.2,22.7,10,4.2,3.6,14.6,18.9
1600000US1840788,1840788,"Lafayette city, Indiana",7.2,30.5,22,22.3,6.9,18.3,37263,0.2,4.7,16.8,1.5,12,3.1,1.5,2,11.4,30.3,11.4,2.8,2.4,14.5,19.3
1600000US1851876,1851876,"Muncie city, Indiana",8.5,34.5,22.2,24.4,8.5,10.4,30979,0.2,5.4,9.2,1.7,12.3,2.6,0.4,5.3,10,35.4,10.4,5,2.2,18.7,28.1
1600000US1871000,1871000,"South Bend city, Indiana",10.3,29.9,23.6,21.4,5.9,19.2,42764,0.2,3.4,16.6,2.6,10.6,3,2.4,3.6,8.1,28.2,13.4,4.7,3.2,20.7,24.7
1600000US1901855,1901855,"Ames city, Iowa",6.1,48,20.6,21.3,2.8,7.3,37380,2.5,1.4,8.5,1.6,8.6,2,1.4,7.5,9.8,36,10.4,5.4,4.9,6.9,29.7
1600000US1912000,1912000,"Cedar Rapids city, Iowa",4.2,36.6,14.9,25.7,9.7,13.1,69279,0.3,7,14.4,2.7,14.1,6,2,7.3,11.7,20.9,6.6,4.7,2.4,11.1,11.9
1600000US1919000,1919000,"Davenport city, Iowa",2.5,35.8,20,19.5,6.5,18.3,47153,0.4,4.7,16.6,2.6,10.9,5.1,1.9,6.2,9,24.6,9.5,5.6,2.9,11.2,18.8
1600000US1921000,1921000,"Des Moines city, Iowa",6.4,34.3,20.3,24,8.2,13.3,111184,0.9,6.5,7.6,2.3,11.9,5.7,1.7,12.8,10.5,21.2,10.9,4.5,3.6,21.5,16.2
1600000US1938595,1938595,"Iowa City city, Iowa",4.4,44.5,20.9,20.4,6,8.2,41635,0.5,4.8,6.4,1.1,10.9,1.9,1.7,4.3,4.9,43.6,14.9,3.8,1.2,10.8,29.4
1600000US1973335,1973335,"Sioux City city, Iowa",4.1,29.5,18.4,21.9,10,20.2,40736,1.6,8,15.3,3.9,12.2,5.3,1.9,4.7,8.9,23.7,6.9,5.9,1.7,16.8,14.9
1600000US1982425,1982425,"Waterloo city, Iowa",5.7,24.3,19,23.7,7.1,25.8,34822,0.2,5.9,20.4,3.6,15.8,3.7,1.1,5.7,8.4,20.3,10.2,3.5,1.2,18,18.7
1600000US2036000,2036000,"Kansas City city, Kansas",8.3,24.2,20.2,24,12.1,19.5,71181,0.5,9.6,11.9,3.4,10.7,7.1,1.5,5.5,12.3,19.2,9,4.7,4.7,16.4,19.8
1600000US2038900,2038900,"Lawrence city, Kansas",3.3,44.4,22.1,22.1,2.9,8.5,56601,0.3,3.2,8.6,1.8,11.1,2.3,3.3,5.8,8.7,32.6,11.6,4.8,5.8,7.3,20
1600000US2052575,2052575,"Olathe city, Kansas",2.2,48.6,11.3,23.7,9.2,7.2,72951,0.4,7.4,7.8,3.8,11.3,4.2,3,8.5,14.2,23,6.9,6.3,3.3,3.5,5.6
1600000US2053775,2053775,"Overland Park city, Kansas",3.5,56,12.7,22.3,3.4,5.6,103655,0.4,3.3,7.9,2.4,10.3,2.7,3.4,10.2,20.3,23.7,7.9,4.7,2.8,2.2,6.2
1600000US2064500,2064500,"Shawnee city, Kansas",3.4,49,17.9,20.2,4.2,8.6,39423,0.4,3,9.7,1.1,12.7,3.6,1.6,9,12.6,23,16.1,5,2.4,4.6,4.8
1600000US2071000,2071000,"Topeka city, Kansas",4.4,35.1,18.5,23.5,7.3,15.6,59971,0.2,5.7,12.7,1.8,11.4,3.7,3.4,6.3,8.8,24,9.4,4.7,8,10.2,12.6
1600000US2079000,2079000,"Wichita city, Kansas",5.8,34.7,17.9,24.6,8.9,13.9,191069,0.5,5.6,17.4,3.1,11.3,3.5,1.9,5.6,9.9,22,11.8,4.9,2.6,11.5,17.8
1600000US2108902,2108902,"Bowling Green city, Kentucky",5.5,27.7,19.3,30.7,5.9,16.4,31683,0.8,4.7,15.4,3.9,18.3,2.3,2.8,4,5,18.2,18.2,6,0.4,16.2,27.9
1600000US2146027,2146027,"Lexington-Fayette urban county, Kentucky",6.1,43.9,16.5,23.5,5.3,10.7,166825,1.4,4.5,9.7,2.8,13.1,3.7,1.6,5.6,10.9,28.1,11.8,3.9,3,10,17.7
1600000US2148006,2148006,"Louisville/Jefferson County metro government (balance), Kentucky",6.3,34.9,15.7,25,6.1,18.4,303076,0.3,4.5,12.3,3.3,11.4,9.1,2.1,7.2,9.2,22.7,10.6,4.1,3.3,12.6,15.7
1600000US2205000,2205000,"Baton Rouge city, Louisiana",9.6,33.9,19.1,26.4,7.3,13.1,103134,0.5,6.6,5.9,1.9,14.5,5.1,1.7,5.6,9.9,26.4,11.8,4.4,5.6,22.4,27.8
1600000US2208920,2208920,"Bossier City city, Louisiana",6.7,33.9,20,28.7,9.2,8.3,27549,1.3,8.5,5.1,3.1,14.8,2.3,1.9,3.3,7.1,24.9,12.2,4.8,10.8,14.2,21.9
1600000US2239475,2239475,"Kenner city, Louisiana",5.4,31.4,20.5,25.4,13.5,9.2,32097,1.6,11.2,4.1,3.2,10.3,7.7,1.9,7.1,14.9,18.7,9.4,5.7,4.4,15.8,18.6
1600000US2240735,2240735,"Lafayette city, Louisiana",3.8,36.2,21.2,25.4,7.2,10,64304,5.3,4.7,4.5,3.4,12.1,4,2.3,5,13.7,24.3,13.9,5.3,1.7,13.6,19.4
1600000US2241155,2241155,"Lake Charles city, Louisiana",7.2,29.5,25.8,25.5,8.9,10.3,34177,1.9,5.8,7.1,2.7,13,4,1.1,3.5,6.6,27.1,18.3,4,5,18,27.5
1600000US2250115,2250115,"Metairie CDP, Louisiana",4,39.6,18.9,23.3,11.5,6.7,73856,0.9,10.5,3.1,3.8,10.1,3.8,2,6.4,15,20.8,13.3,6.1,4.3,7.1,9.6
1600000US2255000,2255000,"New Orleans city, Louisiana",8.2,42.4,21,22.5,5.5,8.6,181946,0.7,4.7,3.6,1.8,10.3,5.5,2.3,5.1,11.6,27.2,16.5,5,5.6,19.5,23.7
1600000US2270000,2270000,"Shreveport city, Louisiana",7.2,34.8,24.6,24.9,7.4,8.2,82429,2.1,5,4.5,2,13.8,3.6,1.9,4.4,9.2,29.4,14.5,5.5,4.1,22,30.8
1600000US2360545,2360545,"Portland city, Maine",N,46.9,19,21.4,3.6,9.1,40882,0.1,3.3,7.3,1.5,13.2,3,3.1,5.8,15.6,26.9,12.9,4.1,3.2,17.2,18.9
1600000US2404000,2404000,"Baltimore city, Maryland",8.9,42.1,22.4,21.2,4.7,9.6,283328,0.2,3.8,4.4,1.6,8.5,5.9,1.9,5.9,13.1,32.5,9.2,4.5,8.7,25.6,21.9
1600000US2419125,2419125,"Columbia CDP, Maryland",5.1,61.5,13.3,14.2,3.2,7.8,60202,0.1,2.7,3,0.7,7.9,4.2,1.4,5.9,25.6,24.1,6.9,5.3,12.3,7.9,6.5
1600000US2426000,2426000,"Ellicott City CDP, Maryland",N,65.3,9.2,19,1.9,4.6,36999,0.3,3.8,5.4,3.7,6.8,1.7,1.1,6.7,21.4,27.4,7.5,5.1,9.2,3.6,3.1
1600000US2430325,2430325,"Frederick city, Maryland",4.5,41.9,17.7,22.1,7.1,11.1,38164,0.4,3.2,6.8,1.2,11.2,6.5,1.8,7.6,20.9,21.8,8.8,4.6,5.4,11.9,10.4
1600000US2431175,2431175,"Gaithersburg city, Maryland",8.3,49.4,22.1,16.1,5.5,6.8,37993,0.3,5.3,4.5,0.4,10.1,1.6,2.8,6.4,27.2,16.3,10.3,5.8,8.9,11.5,9
1600000US2432025,2432025,"Germantown CDP, Maryland",3.8,50.8,16.9,22.2,5.5,4.5,49875,0,4.9,5.2,1.3,10.5,2.7,2.9,7,22.9,17.8,10.3,5.5,8.9,11.1,7
1600000US2432650,2432650,"Glen Burnie CDP, Maryland",7,31.5,16.5,26.4,12.6,13.1,35861,0.2,10.3,4.9,3.3,15.9,5.9,2,5.5,9.7,17.5,8.3,7,9.5,13.3,12.8
1600000US2467675,2467675,"Rockville city, Maryland",4.2,63.1,15.8,15.6,2.8,2.7,35376,0,2.5,2.3,1.7,3.8,1.4,1,7.9,23,25.7,8.3,8.8,13.5,6.8,7.1
1600000US2472450,2472450,"Silver Spring CDP, Maryland",6,56,18.5,14.3,6.2,4.9,51221,0,5.3,2.1,0.4,8.4,3.4,2.9,5.7,18.9,22,10.9,8,11.9,7.8,9.9
1600000US2481175,2481175,"Waldorf CDP, Maryland",3.6,40.9,20.1,24.3,5,9.7,38763,0,4.6,2.2,2.1,13.1,6.3,1.2,5.8,12.3,20.7,6.5,5.7,19.5,8.8,8.2
1600000US2507000,2507000,"Boston city, Massachusetts",7.6,48.8,21.3,19.6,4.5,5.7,368750,0.1,3.7,4.1,2,7.8,3.8,2.3,9.3,17.3,29.3,11.3,4.9,4.1,18.6,21
1600000US2509000,2509000,"Brockton city, Massachusetts",10.4,24,27.5,24,9.5,15,45591,0,6.7,7.3,2.7,11,7.4,1,5.1,7.3,30.5,12.2,6,2.9,29.4,19.7
1600000US2511000,2511000,"Cambridge city, Massachusetts",6,71.3,8.9,16.2,1.5,2.1,63901,0.1,1.4,5.4,0.9,6.2,1.9,2.7,6.5,21.7,42.1,6.1,3.3,1.7,11.1,14.8
1600000US2523000,2523000,"Fall River city, Massachusetts",7.8,29.7,18,22.2,12.8,17.3,38166,1.3,8.5,12.6,3.9,10.6,4.6,1.6,3,6.9,28.7,9.1,4.9,4.4,23.5,19.1
1600000US2524960,2524960,"Framingham CDP, Massachusetts",4.6,45,18.9,22.7,6.8,6.7,40306,0,6.2,7.7,1.9,14.9,2.9,3.3,7.1,14.6,23.9,8.7,6.2,2.5,10.8,8.4
1600000US2534550,2534550,"Lawrence city, Massachusetts",13.9,17.9,27.8,22.1,8.5,23.7,33096,0.2,6.8,12.4,2.8,13.1,6.4,3.3,3.9,10.7,25.3,8.6,5.4,1.2,47.9,24.5
1600000US2537000,2537000,"Lowell city, Massachusetts",5.7,33.6,24.8,22.7,5.9,13,57028,0.6,4.5,15.2,1.1,11.6,1.6,2.7,3.8,11,30.1,10.6,3.6,3.6,22,19.6
1600000US2537490,2537490,"Lynn city, Massachusetts",5.8,23.7,30.8,19.3,8.6,17.6,45645,0.8,5,10.2,1.4,12.5,6.5,2.3,4.7,10.4,24.7,11.6,6.7,3.2,25.1,17.6
1600000US2545000,2545000,"New Bedford city, Massachusetts",9.1,27.1,20.3,20.2,12.9,19.4,42443,2,10.8,11.9,4.3,11.8,6.6,0.6,4.2,7,26.7,8,3,2.8,27.8,19.9
1600000US2545560,2545560,"Newton city, Massachusetts",3.6,68.8,9.7,16.1,1,4.4,44623,0,2.3,6.2,1.4,6.6,1.8,2.8,10.6,19.2,35.9,4.8,5.1,3.2,3.7,4.1
1600000US2555745,2555745,"Quincy city, Massachusetts",5.4,49.7,16.9,20.6,4.1,8.6,51015,0,3.1,5.9,3.7,10.3,3.4,3.9,7.6,15.7,25.7,12.3,5.1,3.4,7.4,10.2
1600000US2562535,2562535,"Somerville city, Massachusetts",4.6,62.6,14.9,14,3,5.5,57005,0.2,2.6,5,1.9,7.2,1.7,4.6,5.7,22.1,31.8,7,7.4,2.7,8,12.6
1600000US2567000,2567000,"Springfield city, Massachusetts",8.4,29.5,26.4,21.1,7.5,15.5,64921,0.9,4,11.5,2.5,11.3,5.3,1.3,4.5,6.4,32.8,10.1,4.2,5.3,32.3,24.7
1600000US2582000,2582000,"Worcester city, Massachusetts",5.5,33.3,23.8,25.5,5.9,11.5,90682,0.1,4.7,7.8,2.9,12.3,4.6,1.9,6.1,10.2,31,10.4,4.1,3.9,21,19.3
1600000US2603000,2603000,"Ann Arbor city, Michigan",3.6,68.2,11.8,13.3,2,4.8,62190,0.2,1.6,9.1,0.4,6,2.1,2.3,2.8,9.9,52.4,7.3,4.6,1.4,4.7,22.8
1600000US2621000,2621000,"Dearborn city, Michigan",7.3,38.2,13.7,22.3,6.9,18.8,36043,0.4,4.3,20.7,1.2,13.3,6.4,0.8,5.3,9.3,19.3,10.7,5.9,2.4,24.4,30.6
1600000US2622000,2622000,"Detroit city, Michigan",16.5,23.9,28,21.7,6,20.3,239033,0.4,3.5,15,2.1,9.7,5.7,1.8,5,10.6,24.3,12.5,5.7,3.5,39.6,35.7
1600000US2627440,2627440,"Farmington Hills city, Michigan",4.9,52.2,11.3,24.3,3.9,8.3,42388,0.2,2.9,20.3,1.7,9.1,2.8,2.4,9.9,16.3,20.3,7.3,4,2.8,4.3,8.8
1600000US2629000,2629000,"Flint city, Michigan",24.6,19.3,30.8,20.1,10.1,19.7,28288,0.8,4.4,18.7,0.5,10.8,4.3,0.7,2.1,7.5,27.4,10.8,7.4,4.6,45.3,44.5
1600000US2634000,2634000,"Grand Rapids city, Michigan",6,37.1,20.7,20.8,6.4,15,97326,1.9,2.9,15.6,2.8,8.7,3.1,2.6,6.2,10.1,26.3,13.3,4.4,2,19.2,21.9
1600000US2642160,2642160,"Kalamazoo city, Michigan",5.1,26.9,27.1,22.2,7.2,16.6,38282,1.7,4.1,13.3,1.3,11.4,1.7,1.4,4.3,8.3,26.7,17.8,5.3,2.7,19.8,30.9
1600000US2646000,2646000,"Lansing city, Michigan",10.1,29.4,22.9,24.9,7.4,15.5,58039,0.4,5.8,13.1,1.6,12.9,3.9,1.2,4.9,9.2,22,13.5,5,6.4,22.4,26.4
1600000US2649000,2649000,"Livonia city, Michigan",3.4,45.6,16.3,22.6,6.7,8.8,46864,0.1,5.2,17.3,2.1,8.4,3.7,1.5,9.4,11,22,9.3,6,4.1,6.5,6.3
1600000US2669035,2669035,"Rochester Hills city, Michigan",3.8,58,11.4,20.2,2.4,8.1,35839,0.1,2.5,24,2.8,9,2,1.3,6.4,16.3,23.9,7.7,3.2,0.8,4.4,6
1600000US2674900,2674900,"Southfield city, Michigan",9.2,44.8,16.2,22.9,3.5,12.6,35151,0,1.4,14,2.4,9.8,6,3.8,8.2,13,25.5,8,3.8,4.3,11.6,12.7
1600000US2676460,2676460,"Sterling Heights city, Michigan",3.2,36.2,16.7,25.3,5.2,16.7,63692,0.2,4.1,23.2,2.7,13.1,3.7,1.5,5.2,9.5,19.1,8.4,5.5,3.6,12.8,11.8
1600000US2680700,2680700,"Troy city, Michigan",3,60.4,11.6,20,3,4.9,43360,0.1,3.3,22.6,3.1,10,1.7,2.1,9,17.3,19.5,6.2,2.7,2.5,4.7,4.1
1600000US2684000,2684000,"Warren city, Michigan",8.6,27.9,19.3,22.3,9.5,21,59460,0.3,4.4,21.1,1.8,11,5,2.1,4.6,10.1,22.3,8.8,5.9,2.5,18.7,18.1
1600000US2686000,2686000,"Westland city, Michigan",5.8,25.8,22.2,29,5.5,17.6,42189,0.2,3.5,17.1,2.2,13.6,5.6,1.2,7.2,13.8,18.7,9.7,4.4,2.9,14.2,11.3
1600000US2688940,2688940,"Wyoming city, Michigan",4,26.9,17.1,21.7,8.9,25.5,41701,0.8,4.8,22.6,3.9,9.3,6.5,2,3.6,8.9,21.7,9.4,5.2,1.4,13.5,14.2
1600000US2706616,2706616,"Bloomington city, Minnesota",3.4,46.2,15.5,22.9,5.2,10.2,45577,0.9,4.3,11.1,3.7,9.6,4.9,2.3,12.2,13.3,20.9,8.2,5.4,3,6.7,6.3
1600000US2707966,2707966,"Brooklyn Park city, Minnesota",3.9,34.2,17.5,25.7,5.4,17.3,40038,0.6,2.4,18.1,1.8,14.6,4.3,1.3,7.6,11.4,25.3,5.7,4.1,2.8,13.5,14.5
1600000US2717000,2717000,"Duluth city, Minnesota",4.3,39.3,23.7,21.7,6.8,8.5,45368,0.9,4.7,5.2,1.9,11.1,5.4,1.3,4.6,7.9,34.8,14.5,4.5,3.2,12.6,18.7
1600000US2717288,2717288,"Eagan city, Minnesota",5.7,49.7,10.8,25.6,4.8,9.1,39399,0,2.7,9.4,3.9,13.3,5.3,2.6,11.1,16.1,22.3,6.8,4.1,2.5,5.7,6
1600000US2740166,2740166,"Maple Grove city, Minnesota",N,52.8,12.3,23.9,4.7,6.3,39248,0.3,4.4,16.8,3.3,8,2.7,1,12.4,15.7,21.4,6.1,4.8,3.1,2.6,2
1600000US2743000,2743000,"Minneapolis city, Minnesota",5.8,48.5,19.2,19.1,4.3,8.9,236140,0.5,3.4,8.7,2.1,10.2,3.9,2.4,8.3,14.7,25.9,13.2,4.6,2.3,16,20.4
1600000US2751730,2751730,"Plymouth city, Minnesota",2,59.3,10.6,24.2,1.7,4.2,42787,0,4.3,14.4,2,12.5,2.6,2.2,12.2,13,23.6,7.1,3.4,2.4,2.2,3.8
1600000US2754880,2754880,"Rochester city, Minnesota",5.3,51.5,16.3,16.6,6.5,9,60229,0.4,4.2,7.8,1.8,10.4,2.3,1.3,3.5,7,46.8,9.2,3.6,2,8.3,11.2
1600000US2756896,2756896,"St. Cloud city, Minnesota",7.2,29.4,23,25.9,4.6,17.1,35778,0.7,2.3,11.5,1.9,17.8,3.2,1.2,7.5,7.2,28.8,10.4,4.8,2.6,13.7,21.6
1600000US2758000,2758000,"St. Paul city, Minnesota",5.5,42.2,18.3,22.2,4.6,12.7,152806,0.2,3.1,11,2.3,9.6,4.6,2.4,7.7,13.3,27.6,9.1,5,4.2,18.2,19.2
1600000US2771428,2771428,"Woodbury city, Minnesota",N,52.1,13,25.5,3.1,6.3,36615,0.1,3.3,14.8,3.7,11.8,5.4,3.7,10,11.7,21.1,7.2,2.5,4.8,1.8,2.3
1600000US2829700,2829700,"Gulfport city, Mississippi",7.9,26.5,26.1,23.2,14.7,9.5,32154,0.1,9.2,5.7,1.2,10.7,4.5,1,6.1,7.3,22.6,20.9,4.2,6.4,16,19.2
1600000US2836000,2836000,"Jackson city, Mississippi",12.8,31.6,24.9,23,6.7,13.9,74054,0.6,3.8,8.8,1.6,9.3,5.2,1.4,5.7,9.5,28,12.5,6.1,7.4,20.2,22
1600000US2915670,2915670,"Columbia city, Missouri",3.1,49.8,17.4,20.5,6.2,6.1,61404,0.7,3.3,6.5,2.3,8.8,2.3,1.7,7.2,9.1,35.2,12.6,5.9,4.3,8,19.7
1600000US2935000,2935000,"Independence city, Missouri",5.2,28.6,17.9,27.3,11.2,15.1,56048,1,7.8,10.4,2.8,11.3,8.1,2.2,6.2,8.9,22.8,9.6,5.3,3.6,11.6,15.6
1600000US2938000,2938000,"Kansas City city, Missouri",5.7,39,18.6,23.4,6.3,12.6,249734,0.4,4.7,8.9,2.5,10.4,6.4,2.5,7.1,13.8,22.8,11.2,3.8,5.3,13.5,16.4
1600000US2941348,2941348,"Lee's Summit city, Missouri",4.2,50.3,10.2,25.8,5.3,8.5,48866,0.2,4.4,7.3,3.6,9.3,4.9,2.8,10.8,16.7,24.5,7,4.5,4.1,4.4,7.1
1600000US2954074,2954074,"O'Fallon city, Missouri",N,44.7,14.9,25.4,6.6,8.3,47756,0.3,5.2,13.7,2.6,11.3,4.5,2.2,11,10.7,23.7,7.7,4.1,3.1,5.7,3.3
1600000US2964082,2964082,"St. Charles city, Missouri",1.6,38.1,24,24.9,4.3,8.8,39041,0.2,3.6,11.9,2.8,11.5,4.8,2.3,9.8,11.8,19.3,15.8,3.8,2.3,7.1,10.2
1600000US2964550,2964550,"St. Joseph city, Missouri",5.2,30.2,20.8,19.1,6.5,23.3,35027,0.4,5.5,19.2,1.2,9.1,5.1,1.7,4.7,5.6,28.3,10.3,3.9,5,17.2,20.4
1600000US2965000,2965000,"St. Louis city, Missouri",7,39.6,23.7,21.3,5.2,10.2,155937,0.3,3.3,8.6,1.5,9,5.3,2.3,7,11.3,28.9,12.8,4.8,4.8,20.1,23.8
1600000US2970000,2970000,"Springfield city, Missouri",5.8,28.9,22,28.9,8.6,11.7,81593,0.3,6.4,7.3,4.2,13.1,4.9,2,5.9,11.1,23.8,13.5,5.1,2.5,13.9,24.6
1600000US3006550,3006550,"Billings city, Montana",3.6,33,20.2,22.1,12.4,12.3,56150,2.4,8.3,5.4,3.4,11.8,7.1,0.5,6,7.7,24.5,12.9,7.1,2.9,8,8.6
1600000US3050200,3050200,"Missoula city, Montana",4.8,38.7,25.7,21.1,6,8.5,43062,1.8,6.7,2.9,4.2,11.8,4.3,3.2,4.2,8.7,29.9,15.6,3.3,3.3,18,19.3
1600000US3128000,3128000,"Lincoln city, Nebraska",3.6,38.6,18.5,26.1,6.5,10.3,155439,0.5,5.5,7.9,2.3,12,4.2,1.9,8.1,10.4,26,10.4,4.7,6.1,10,13.7
1600000US3137000,3137000,"Omaha city, Nebraska",4.8,38.5,16.8,25.4,7.5,11.8,227368,0.6,7.2,9,2.6,12.5,6.5,2.1,8.8,12.3,23.3,8.7,4.2,2.2,12,14.4
1600000US3223770,3223770,"Enterprise CDP, Nevada",5.6,33.9,29.7,25.7,3.8,6.8,73551,0.1,3.6,2.2,1.8,8.1,5.4,2.6,6.3,11.5,14.5,36.3,5.3,2.2,4.7,7.8
1600000US3231900,3231900,"Henderson city, Nevada",8.3,38.8,20.4,25.5,7.4,7.8,129658,0.3,5.4,2.7,2.2,13.8,4.9,1.4,6.2,11.8,21.2,20.1,5.4,4.4,7.3,8.5
1600000US3240000,3240000,"Las Vegas city, Nevada",6.8,28.8,27.9,25.2,8.7,9.3,286883,0.3,7.2,3.6,2.1,11.9,4.5,1.7,5.6,11.3,16.5,26.7,5,3.6,15.4,15.6
1600000US3251800,3251800,"North Las Vegas city, Nevada",7.9,24.8,26.9,24.4,10.9,13,107434,0.1,8,3.4,1.9,12.1,6.5,2.2,4.7,9.6,14.4,26.5,6,4.5,17.9,14.2
1600000US3254600,3254600,"Paradise CDP, Nevada",6.1,23.7,33.8,26.6,6.2,9.8,122946,0,4.9,3.2,1,11.9,6.1,2.3,6.2,11.5,12.2,33.9,4.9,2,18.2,20.9
1600000US3260600,3260600,"Reno city, Nevada",6.3,32.6,23.6,25.2,7.6,11,126035,1,6.2,7.1,3.4,12.2,6.6,1.6,5.3,12.1,17.4,19.1,4.1,3.8,13.9,15.1
1600000US3268400,3268400,"Sparks city, Nevada",6.3,28.5,22,23.3,11.5,14.7,48219,0.9,8.9,7.5,3.6,12.9,6.8,1.3,3.9,9.6,16.5,17.1,6.8,4.3,11.6,9.7
1600000US3268585,3268585,"Spring Valley CDP, Nevada",4.9,24.1,32,28.8,6.7,8.4,111047,0,4.8,3.4,0.9,12.8,7,1.4,5.8,10,12.2,35.9,3.7,2.1,8.1,12.8
1600000US3271400,3271400,"Sunrise Manor CDP, Nevada",8.6,13.1,33.7,26,12.8,14.4,85569,0.1,10.1,3.3,1.5,14.1,4.7,0.8,4.9,11.3,10.5,29.8,6.8,2.1,27.7,20.3
1600000US3345140,3345140,"Manchester city, New Hampshire",4.1,33.4,17.4,26.6,6.1,16.5,60104,0.2,4.7,13,3.3,15,5.8,2.6,5.5,10.9,20.3,10.5,4.5,3.7,12.8,14.1
1600000US3350260,3350260,"Nashua city, New Hampshire",3.8,38.2,17.6,23.2,8.9,12.1,47172,0.2,7.9,14.9,2.2,11.7,4.3,1.6,6,12.3,23.3,8.5,3.4,3.5,10.3,9.1
1600000US3403580,3403580,"Bayonne city, New Jersey",7.2,39.9,18.3,24.6,5.8,11.4,29609,0,5,4.2,2.4,11.6,9.3,1.8,9.6,13.9,22.8,8.7,5.1,5.6,15.7,18.5
1600000US3410000,3410000,"Camden city, New Jersey",16.6,N,N,N,N,N,25209,0,4.9,10.4,4.2,18,7.6,0.5,5.3,5.6,22.4,12.2,5.2,3.5,38.1,30.5
1600000US3413690,3413690,"Clifton city, New Jersey",4.7,36.2,16.6,25.9,7.8,13.4,44826,0,5.6,9.5,3.7,11.7,6.6,3.3,7.9,12,23.4,10.2,3.4,2.8,13.4,8.6
1600000US3419390,3419390,"East Orange city, New Jersey",12.2,27.1,24.5,27.3,3.8,17.3,27784,0,2.1,4.2,1.2,15.9,14.4,1.4,7.3,8.4,30,6.3,5.4,3.5,26.2,15.7
1600000US3421000,3421000,"Elizabeth city, New Jersey",7.7,17.3,19.9,23.5,11.6,27.8,63057,0,7.6,10.4,4,14.3,16.7,0.8,2.6,11.1,15.6,6.9,6,3.9,20.3,20.4
1600000US3436000,3436000,"Jersey City city, New Jersey",6.2,45.8,15.8,21.2,4.1,13.1,136778,0.2,3.3,6.2,2.6,11.2,9,4.5,12.9,17,19,8.7,3,2.4,16.9,17.2
1600000US3451000,3451000,"Newark city, New Jersey",12,20.8,28.8,22.4,8.8,19.2,114808,0,6.6,6.7,2.5,11.1,12.6,2,5.8,10.6,23.7,8.7,5.7,4,27,28.2
1600000US3456550,3456550,"Passaic city, New Jersey",5.3,24.3,20.3,19.3,9.8,26.3,30336,0,8,20.6,2.1,8.3,4.9,1.7,5.2,11.5,19.8,9.5,5.9,2.4,36.5,31.6
1600000US3457000,3457000,"Paterson city, New Jersey",5.7,14.4,23,22.7,9.1,30.8,63596,0.3,7,15.6,3.6,12.4,10.4,1.5,3.2,8.7,22.1,7.6,5.8,1.8,40.7,28.5
1600000US3473110,3473110,"Toms River CDP, New Jersey",4.4,33.6,20.1,29.1,8.8,8.4,44072,0.3,8.8,5.8,4.2,14.1,4.5,3,3.8,9.1,27.1,7.9,5,6.4,5.3,6.1
1600000US3474000,3474000,"Trenton city, New Jersey",13.4,25.2,26.2,17.4,15.1,16.2,30988,0.8,12.8,6.3,0.9,10,7.7,0.1,3.2,16.7,20.7,8.7,3.2,8.9,30.8,27.8
1600000US3474630,3474630,"Union City city, New Jersey",5.6,21.3,22.8,21.1,8.6,26.2,37521,0,6.2,10.1,6,13.3,10.6,1.7,5.3,11.6,19,9.4,5,1.7,23.5,17.3
1600000US3502000,3502000,"Albuquerque city, New Mexico",5.2,40.8,20.7,24.8,6.8,6.9,268505,0.8,4.9,4.4,1.5,11.7,2.5,2.2,5.8,15.9,27.5,11.6,4.7,6.5,15.9,17.1
1600000US3539380,3539380,"Las Cruces city, New Mexico",8.5,35.5,25.9,25.7,7.2,5.6,43938,0.1,5.8,1.7,1.3,9.7,2.2,3.1,4.9,12.2,32.5,13.3,6.5,6.7,22,25.9
1600000US3563460,3563460,"Rio Rancho city, New Mexico",9.2,39,17.2,29.6,8.2,6,43646,0.3,5.7,3.7,4.6,16.8,3,1.6,7.5,9.1,24.1,8.4,6,9,10.4,13.6
1600000US3570500,3570500,"Santa Fe city, New Mexico",5,42.1,20.3,23.2,6.4,8,41235,0.7,5.6,3.5,0.5,13.1,2.3,2,6.4,12.4,19.8,15.8,7.9,9.9,9.1,14.3
1600000US3601000,3601000,"Albany city, New York",7.4,42,28.5,19.4,3.8,6.4,48511,0,3.2,3.1,1.1,8.4,2,2.1,4.4,9.3,36,12.3,5.7,12.4,23.1,23.9
1600000US3608026,3608026,"Brentwood CDP, New York",3.4,18.1,25.9,23.7,7.6,24.7,32878,1.1,5.4,17,4.9,13.8,7,1.6,4.4,9.4,20,7.7,4.6,2.8,16.7,16
1600000US3611000,3611000,"Buffalo city, New York",8,32.8,23.9,26,4.3,13,106998,0.4,2.9,7.9,2.8,10.7,5,1.7,7.5,10.5,29.6,12,4,5.1,33.8,30.5
1600000US3615000,3615000,"Cheektowaga CDP, New York",3.8,29.8,16.5,30.9,6,16.7,38600,0.2,5.4,11.8,2.2,15.7,6.9,1,8.6,8.7,23.9,8.8,3.9,2.8,11.8,10.4
1600000US3649121,3649121,"Mount Vernon city, New York",6.5,32.6,26.5,24.6,8.3,8,33240,0,7.3,1.6,3,11.6,6,1.9,5.7,10.2,39,4.2,5.3,4.3,20.1,16.9
1600000US3650617,3650617,"New Rochelle city, New York",7,43.9,21.2,19.4,11,4.5,38750,0.3,10.4,4.8,2.6,8.6,2.2,3,6.1,13.2,28.6,12.5,4.4,3.3,9.6,12.5
1600000US3651000,3651000,"New York city, New York",6.8,40.8,22.8,21.9,6.1,8.4,4114375,0.1,5,3.4,2,9.6,6.3,3.8,9.6,13.4,26.3,11.2,5.5,3.8,19.7,18.9
1600000US3663000,3663000,"Rochester city, New York",9.8,34.9,24.8,24.8,4.1,11.4,92841,0.1,3.6,9.2,1.5,12.2,4.2,2,3.8,10.4,36.3,10.6,4.1,2,34,32.3
1600000US3665508,3665508,"Schenectady city, New York",8.9,31.1,22.3,27.1,5.4,14,29019,0,3.3,5.1,0.8,21.2,5.7,2,3.7,8.5,30.8,7.8,4.7,6.5,26.7,17.2
1600000US3673000,3673000,"Syracuse city, New York",9,38.6,22.2,23.6,5,10.5,60234,0.2,3.5,6.3,1.7,12.3,4.3,2.5,5.2,9.8,33.1,12.7,4.9,3.5,30.9,32.1
1600000US3684000,3684000,"Yonkers city, New York",8.1,34.5,22.4,26,6.8,10.2,95347,0.1,6.1,4.4,2.1,12.6,5.5,2.2,7.1,9.1,30.2,10.3,6,4.3,15.5,15.5
1600000US3702140,3702140,"Asheville city, North Carolina",4.6,39.7,22.8,21.1,6,10.5,45704,0.6,3.8,7.8,1.2,12.3,2,1.1,4.1,11.8,28.1,19.8,5.5,1.9,10.6,15.6
1600000US3710740,3710740,"Cary town, North Carolina",3.9,62.2,9.9,20.2,3.6,4.1,83848,0.7,3.7,10.8,2.5,7.3,2.9,3.6,8.5,24.8,20.2,5.8,5.5,3.7,4.5,4.4
1600000US3712000,3712000,"Charlotte city, North Carolina",5.4,42.3,16.5,24.4,6.6,10.2,446387,0.1,5.8,7.2,3.2,11.1,6.2,2.6,14.2,14.3,17.4,10.2,5.6,2,10.6,13.4
1600000US3714100,3714100,"Concord city, North Carolina",7,42.6,17.2,24.3,6.5,9.3,44819,0.1,5.1,12.3,4.1,13.1,3.9,1.9,10.2,7.4,22.9,11.2,3.9,3.9,8.5,15.5
1600000US3719000,3719000,"Durham city, North Carolina",5.2,46.8,16.5,20.2,8.5,8,140790,0.3,7,6.4,1.6,9.7,3.4,1.6,5.8,13.6,32.2,9.1,6,3.3,12.9,17.1
1600000US3722920,3722920,"Fayetteville city, North Carolina",10,32.4,24.8,24.4,7.1,11.3,76546,0.2,4.4,5.9,1.7,14.6,2.6,2,3.6,8.2,30,11.2,5.5,10,18.1,20.5
1600000US3725580,3725580,"Gastonia city, North Carolina",7.6,36,18.3,21.2,8,16.5,35192,0.6,6.6,12.3,4.6,11.9,6.3,1.1,5.9,8.1,22.7,11.2,5.2,3.5,18.5,18.3
1600000US3728000,3728000,"Greensboro city, North Carolina",7.2,38.4,18,25,5.7,12.9,137347,0.4,3.9,11.5,3.5,13.3,4.9,1.5,7.3,9.1,25.7,11.6,5.2,2.2,16.8,22.8
1600000US3728080,3728080,"Greenville city, North Carolina",7.8,41.3,19.4,19.4,6.6,13.3,42002,1.2,4.1,10.1,1,9.7,4.5,2.3,5.4,6.6,33.4,15.1,4.4,2,16.3,30.3
1600000US3731400,3731400,"High Point city, North Carolina",5.9,35.6,15,26.3,6,17.1,51370,0.2,3.9,16.7,4.2,13.7,5.2,1.2,7,7.9,21.5,9,5.5,4.1,23.7,20.2
1600000US3734200,3734200,"Jacksonville city, North Carolina",9.7,N,N,N,N,N,N,N,N,N,N,N,N,N,N,N,N,N,N,N,14.7,11.1
1600000US3755000,3755000,"Raleigh city, North Carolina",4.5,48.5,15.7,23.4,5.1,7.3,257189,0.2,4.6,6.7,1.8,10.3,3.6,2.9,7.9,17.9,21.2,12.1,5.4,5.2,8.1,12.1
1600000US3774440,3774440,"Wilmington city, North Carolina",4.9,39.7,25,22.5,4.5,8.3,55458,0.3,3.6,6.2,1.9,13.3,3.7,3.1,7.5,10.4,24,16.5,6.7,2.9,13.7,24.7
1600000US3775000,3775000,"Winston-Salem city, North Carolina",6.6,38.1,18.4,22.7,7.2,13.6,107849,0.2,5,11.8,3.4,14.5,3.2,1.2,7,9.5,26.2,10.3,5.5,2.2,13.8,21.8
1600000US3807200,3807200,"Bismarck city, North Dakota",2.2,40.2,18.6,22.2,7.9,11.1,38235,2.3,6.5,4.5,5,12.2,6.2,1.8,4.4,8.9,28.8,5.7,4.8,9.1,4.3,7.7
1600000US3825700,3825700,"Fargo city, North Dakota",4.3,42.3,17.5,23.9,6.5,9.8,69857,0.6,5.4,7.3,3.1,12.7,3.3,1.5,11.7,10.1,25.7,12.1,4.6,1.9,8.6,13.8
1600000US3901000,3901000,"Akron city, Ohio",8.4,28.9,23.4,25.5,6,16.2,90374,0.3,3.6,14.4,3,12,5.5,1.7,3.6,9.8,26.7,12,5.1,2.4,23.8,23.7
1600000US3912000,3912000,"Canton city, Ohio",12,23.9,24.5,22.1,10.1,19.4,30364,1,6.3,16.8,3.2,11.2,5.6,1.7,3.8,10.1,21.9,11.6,5.5,1.4,26.7,31.5
1600000US3915000,3915000,"Cincinnati city, Ohio",9.4,41,20.9,20.7,4.3,13,144223,0.1,3.4,9.8,1.9,9.8,5,1.8,7.7,14.1,25.6,13.1,5,2.6,21.6,26
1600000US3916000,3916000,"Cleveland city, Ohio",13.9,25.6,26.8,21.9,6.9,18.8,156956,0.2,4.5,15.1,1.7,10.2,4.9,1.7,5.5,8.7,25.3,13.1,4.8,4.5,35.4,35
1600000US3918000,3918000,"Columbus city, Ohio",6.2,40.2,17.5,24.6,4.8,12.9,452552,0.2,3.9,7.5,2.5,13,6.4,2.3,10,11.9,24.6,9.9,4.2,3.7,15.6,21
1600000US3921000,3921000,"Dayton city, Ohio",10.9,28.4,26.7,20.9,7.3,16.6,59358,0,5,12,1.4,9.1,6.8,2.2,4.3,9.8,24.4,13.9,5.5,5.6,27.5,32
1600000US3944856,3944856,"Lorain city, Ohio",11.2,25.8,19.9,20.1,10.7,23.5,27013,3,6.6,17.3,3.4,9.5,6.4,1.1,4.8,5.8,21.5,10.6,5.6,4.4,26.8,22.9
1600000US3961000,3961000,"Parma city, Ohio",6.1,35.6,17,25.3,6.5,15.6,42028,0.1,3.1,14,3.7,12.4,5,2.1,7.1,9.6,23.9,9.8,4.3,5.1,12.2,8.6
1600000US3977000,3977000,"Toledo city, Ohio",9.2,27.5,23.4,25,6.4,17.7,124666,0.3,4.7,14.9,2.8,13.5,4.7,1,4.4,8.4,24.6,13.6,4.4,2.6,25.8,26.3
1600000US3988000,3988000,"Youngstown city, Ohio",14.2,22.3,24.2,27.8,8,17.6,23112,0,2.3,13.5,3,16.4,4.4,2.7,4.4,7.3,27.3,11.3,4.8,2.6,36.5,35.2
1600000US4009050,4009050,"Broken Arrow city, Oklahoma",3.6,41.4,12.4,27.5,8,10.8,57030,2,5.8,11,3.6,12.1,5.4,3.3,6.8,10.1,23.1,7.8,6.1,3,6.3,8.6
1600000US4023200,4023200,"Edmond city, Oklahoma",2.8,49.1,15.9,23,5.3,6.6,43911,4.3,4.6,4.6,2.8,10.9,3,2.3,9.7,9.8,24.2,11.1,6.6,6,5.4,10.6
1600000US4041850,4041850,"Lawton city, Oklahoma",6.9,30.1,22.2,23.6,5.7,18.5,37858,0.9,3.4,9.5,0.9,14,6.4,0.8,4.4,8.1,23.1,16.1,5.3,7,18.5,17.5
1600000US4052500,4052500,"Norman city, Oklahoma",6.2,43.4,18.7,25.7,5.5,6.6,60838,1.4,5.2,6.6,1.4,9.9,2.4,2.5,3.6,10.3,30.8,13.4,6.5,6.1,9.5,19.5
1600000US4055000,4055000,"Oklahoma City city, Oklahoma",5.4,36.3,17,25.7,10.4,10.6,306807,3,8.4,7.5,2.9,12.7,4,1.6,6.2,10.7,19.5,10.9,5.4,7.2,13.7,16.8
1600000US4075000,4075000,"Tulsa city, Oklahoma",7,35.4,17.4,25.3,9.6,12.3,190335,1.9,7.6,10.8,3.1,11.9,4.4,2.5,6.5,11,21.2,11.1,5,2.8,16,20.5
1600000US4105350,4105350,"Beaverton city, Oregon",7.5,42.3,16.4,28.3,7.2,5.7,52569,0.3,6.3,10.3,4,12.9,3.4,2.3,7.3,14,19.3,10.4,6.1,3.3,13,9.6
1600000US4105800,4105800,"Bend city, Oregon",4.8,35.4,20.5,27.5,5.6,11,47234,0.9,6.5,5.7,2.8,17.9,3.7,4.5,7.1,10.4,19.4,14.1,5.1,1.9,14.9,10.4
1600000US4123850,4123850,"Eugene city, Oregon",7.5,39.8,18.9,26.2,4.9,10.1,81460,0.9,3.2,7.9,2.6,15.2,3.3,2.1,5.9,11.5,30.4,10.9,3.3,2.8,20.8,21.6
1600000US4131250,4131250,"Gresham city, Oregon",5.3,30.6,20.3,24.1,10.6,14.4,55082,3.4,7.8,10,3.7,12.4,8.2,2.3,6.4,9.9,21.5,8.3,3.1,3.1,20,15.6
1600000US4134100,4134100,"Hillsboro city, Oregon",4.2,45.7,16.7,17.6,9.4,10.6,54896,1.9,7.1,24.9,2.2,7.4,1.4,2.2,5.3,14.5,15.8,9.6,4.4,3.2,11,10.4
1600000US4147000,4147000,"Medford city, Oregon",4.5,30.9,20.8,25.8,9.1,13.4,38620,2.9,4.4,9.6,3,15.3,2.9,2.1,5.6,8.6,21.7,14.4,4.3,5.1,22.5,13.3
1600000US4159000,4159000,"Portland city, Oregon",5,50.2,15.1,21,4.5,9.2,352809,0.5,3.7,9.1,3.1,10.8,4.8,2.6,6,15.5,24.4,11.1,4.6,3.7,16.8,14.7
1600000US4164900,4164900,"Salem city, Oregon",6.4,35.2,19,23.6,9.7,12.5,77656,4.1,4.8,6.6,2.1,11.6,4.5,1.2,6.9,11,23.4,9.7,4.6,9.5,19,14.9
1600000US4202000,4202000,"Allentown city, Pennsylvania",9.7,22.1,25.6,22.8,6.5,23,50444,0.8,4.3,15.6,6,9.3,8.4,1.3,4.2,13.5,23.3,9.9,1.7,1.9,32.8,30.2
1600000US4206088,4206088,"Bethlehem city, Pennsylvania",4.9,38.9,23.1,19.9,5.3,12.9,37540,0.4,4,9.8,2.6,10.1,3.6,2.6,4.8,9.2,29.8,11.9,7.6,3.7,18.9,18.1
1600000US4224000,4224000,"Erie city, Pennsylvania",10,25.8,27.7,24.1,6.2,16.2,41033,0.6,4.3,18.8,2.1,9.3,3.3,2.2,5.4,5.4,26.4,15.1,4.8,2.5,29.6,27.3
1600000US4260000,4260000,"Philadelphia city, Pennsylvania",9.6,38.8,22.8,21.4,6.5,10.4,678752,0.4,4.7,6.5,2.1,9.2,5.9,2.1,6.9,10.9,31.4,9.3,5.1,5.5,25.8,25.7
1600000US4261000,4261000,"Pittsburgh city, Pennsylvania",6.5,50.5,20.1,19,4.9,5.5,155859,0.6,3.4,4.9,2,9.1,2.9,2.3,8.8,13.1,33.6,11.2,4.7,3.4,16.4,19.2
1600000US4263624,4263624,"Reading city, Pennsylvania",13.1,12.2,28.4,20.6,6.4,32.4,32617,2.5,2.1,24.7,1.6,14.9,4.9,0.3,3.4,7.1,19.8,11.2,5.3,2,44.8,36.8
1600000US4269000,4269000,"Scranton city, Pennsylvania",6.1,32.4,18.7,25.1,8.6,15.2,33294,0.7,6.2,9.7,3.4,14.1,5.6,1.9,5.5,7.4,25.2,9.7,6,4.6,25.8,24.5
1600000US4419180,4419180,"Cranston city, Rhode Island",4.9,43.7,18.7,24.2,4.5,8.8,41103,0.7,3.4,12.4,1.4,13.3,2.5,2,5.9,10.6,30.8,7.2,5.2,4.7,9.5,6
1600000US4454640,4454640,"Pawtucket city, Rhode Island",8.2,27.3,24.2,23,7.3,18.2,35711,0.2,3.1,14.8,0.6,16.7,3.2,1.2,6.9,8.4,27.4,12.1,3.1,2.3,23.1,15.6
1600000US4459000,4459000,"Providence city, Rhode Island",8.3,37.7,25.2,20,4.8,12.2,81536,0.1,3,11.4,1.8,12.6,4,2,6.2,11.6,29.7,10.9,4.4,2.3,31.5,24.7
1600000US4474300,4474300,"Warwick city, Rhode Island",3.9,41.8,17.3,24,7.2,9.7,42283,0.4,4.6,8.6,3.6,11.1,5.1,1.7,6.8,10.6,30.9,10.1,2.3,4.2,13.9,8.6
1600000US4513330,4513330,"Charleston city, South Carolina",4.4,46.6,18.9,23.1,3.7,7.7,75005,0.1,3.2,6.5,2.1,10.5,4.8,2.4,6.5,14.3,24.5,14.5,7.2,3.4,7.9,15.2
1600000US4516000,4516000,"Columbia city, South Carolina",7,38.8,16.9,26.2,5.1,13.1,60590,0.2,3.4,5.5,1.8,14.6,4.1,1.3,8.2,11.1,23.8,13.4,5.5,7,16.8,19.9
1600000US4530850,4530850,"Greenville city, South Carolina",4.5,49.2,15.5,23.4,2.1,9.8,34944,0,3.3,14.4,2.4,10.3,2.3,3.1,6.6,17.3,23.3,10.3,5.6,1,11.5,10.8
1600000US4548535,4548535,"Mount Pleasant town, South Carolina",0.7,53.9,9.8,27.5,3.4,5.5,42687,0,4.4,7.6,2.3,11,3.7,3.3,12.7,19,18,9.2,4.4,4.5,1.7,4.2
1600000US4550875,4550875,"North Charleston city, South Carolina",5.8,31.8,20.1,25.3,9.7,13.1,49878,0,9.5,7.2,1.3,13.9,5.9,3.6,3.9,12.8,18.5,11.4,6.2,5.7,18.4,25.8
1600000US4561405,4561405,"Rock Hill city, South Carolina",8.2,30.1,18.2,26.1,7.8,17.7,34999,0.7,5.4,16.1,3.6,13.2,4,2,6,9.9,18.4,13.1,5.4,2.1,15.3,20.4
1600000US4652980,4652980,"Rapid City city, South Dakota",8.1,34.9,22.4,24.5,9,9.3,33286,1.4,8.3,7.2,2.4,12.6,4.7,0.9,6.7,8.6,22.5,12.7,6.2,5.8,14.7,18.2
1600000US4659020,4659020,"Sioux Falls city, South Dakota",2.6,38.4,15.1,25,8.7,12.9,96911,1,8.1,10.3,3,12.9,2.7,1.9,10.6,8.7,26,8.4,3.8,2.6,9.1,10.3
1600000US4714000,4714000,"Chattanooga city, Tennessee",5.6,35.2,18.1,26.2,6,14.5,81941,0.3,4.1,13.7,1.6,11.6,6.5,2,9.3,9.2,19.9,12.6,6,3.3,16.6,20.2
1600000US4715160,4715160,"Clarksville city, Tennessee",7.8,23.9,20,29.2,7.9,18.9,57662,0.2,7,14.4,1.7,14.3,5.7,0.5,3.6,10.3,17.9,11.4,4,9,12.6,14.8
1600000US4727740,4727740,"Franklin city, Tennessee",3.5,51.9,14.2,21.7,5.6,6.7,39315,1.2,4.5,5.8,1.7,12.1,2.3,4.5,9.3,16.5,19.2,14.2,6.2,2.5,4.2,10.1
1600000US4737640,4737640,"Jackson city, Tennessee",7.1,32.3,22.7,19.3,7.3,18.5,25915,0,5.9,14,2.3,13.1,3.8,0.4,4.5,10.5,28.7,6.3,6.8,3.7,21.9,21.7
1600000US4738320,4738320,"Johnson City city, Tennessee",6.7,42.2,18.9,22.9,6,10,32365,0.2,3.8,9.4,2.5,12.1,4.6,1.3,3.1,12.6,29.5,12.3,6.1,2.6,17.8,19.3
1600000US4740000,4740000,"Knoxville city, Tennessee",5.4,36.2,21.6,26.4,5.7,10.1,96753,0.7,4.3,5.8,2.4,15.8,4.9,2.3,4.5,11.2,26.2,14.3,4.9,2.8,18,25.4
1600000US4748000,4748000,"Memphis city, Tennessee",8.5,30.7,19.7,25.7,6.6,17.4,291165,0.1,4.5,8.5,3.4,11.9,12.7,1.6,5,10.9,21.3,10.1,5.3,4.5,21.1,26.9
1600000US4751560,4751560,"Murfreesboro city, Tennessee",5,37,17.6,30,3.9,11.5,71842,0,3.4,10.3,3.1,17.1,4.7,3.4,7.3,7.7,21.7,13.8,4.4,2.9,10,13.2
1600000US4752006,4752006,"Nashville-Davidson metropolitan government (balance), Tennessee",4.3,40.7,16.8,24.2,7.2,11.1,360509,0.2,6,7,2.5,11.4,4.7,3.4,6.6,13.8,23.2,12.5,4.5,4.2,11.8,15.1
1600000US4801000,4801000,"Abilene city, Texas",3.8,30.8,23.6,24.2,11.3,10.1,53531,1.4,9.8,4,1.8,11.7,5.4,1.5,6.2,5.8,26.3,10.4,6.9,8.7,15.5,19.6
1600000US4801924,4801924,"Allen city, Texas",4,54.3,11.5,25.7,2.3,6.2,50454,0.1,6.5,8.9,2.4,12.5,3,3.5,13,16.3,16.7,8.2,5.4,3.4,5.8,3.7
1600000US4803000,4803000,"Amarillo city, Texas",3.7,29,19.9,24,11.3,15.8,95477,1.2,8.2,11.5,2.4,12.2,6,1,6.1,8,22.4,10.2,6,4.8,12.9,16.4
1600000US4804000,4804000,"Arlington city, Texas",4.7,31.9,18.4,25.4,9.2,15.1,197694,0.6,7.5,11,2.5,11.3,7.6,1.4,7.3,9.6,21,10.5,6.1,3.6,11.4,15.9
1600000US4804462,4804462,"Atascocita CDP, Texas",N,52.2,11.7,20.5,6,9.5,35356,3.4,7.4,9.5,1.1,7,7.5,2.3,7.3,15.1,24.1,4.6,7,3.8,3.7,4.2
1600000US4805000,4805000,"Austin city, Texas",3.5,48.5,15.2,21.9,8.3,6.1,548311,0.5,7.8,7.4,2.3,11,3,3.3,6.9,18,19.4,10.4,5,4.9,7.4,13.5
1600000US4806128,4806128,"Baytown city, Texas",7.7,26,16.1,18.3,22.2,17.4,35279,1.7,21.6,12.7,1.4,10,7.1,0.6,5.3,11.1,16.1,9.4,1.9,1,19.1,11.6
1600000US4807000,4807000,"Beaumont city, Texas",3.3,28.8,22.7,21.4,12.3,14.8,51728,1.2,11.5,8.5,1.4,12.8,7.2,0.9,3,9,24.1,9.5,6.1,4.7,13.6,18.7
1600000US4810768,4810768,"Brownsville city, Texas",8.7,27.3,28.9,24.8,8.6,10.4,65193,0.9,6.5,7.4,1.7,13.2,4.9,0.6,2.7,9.2,32.1,11.6,5.8,3.2,29,28.6
1600000US4810912,4810912,"Bryan city, Texas",5.8,31,20.7,21.5,15.6,11.2,39785,1.7,15.5,8.3,2,8.4,3.7,0.5,4.6,9.6,21.5,12.8,6.4,4.9,12.2,24.7
1600000US4813024,4813024,"Carrollton city, Texas",4.4,40.3,14.4,23.6,9,12.6,73893,0.8,6.4,10.7,4,12.1,5.8,1.8,8.7,14.2,18.7,7.8,6.7,2.3,5.6,10
1600000US4813552,4813552,"Cedar Park city, Texas",N,52.4,9.4,28.8,4.3,5.1,33676,2.1,3.7,8.8,2.5,13,2,4.2,7.2,19.6,23.4,6.1,3.1,4.2,1.9,2.5
1600000US4815976,4815976,"College Station city, Texas",5.7,50.3,17.6,21.9,4.2,6,53666,1.4,2.9,3.4,2.7,9.2,2.2,1.7,4.6,9,41.9,11.4,4,5.6,4.3,31.1
1600000US4816432,4816432,"Conroe city, Texas",4.5,25.9,26,23.8,11.6,12.8,39841,1.9,9.9,6.9,3.9,16,3.2,1.2,4.9,13.3,17.8,13.9,4.8,2.4,10.3,14.6
1600000US4817000,4817000,"Corpus Christi city, Texas",5,31,21.7,25.5,12,9.7,151441,2.1,9.4,5.3,2.3,11.1,5.1,1.7,4.8,10.5,23.6,12.6,5.4,6.1,15.3,14.1
1600000US4819000,4819000,"Dallas city, Texas",4.7,33.6,18.2,23.9,12.1,12.1,667913,0.8,10.7,8,2.4,11.9,5.5,2.3,9.1,14.7,17.9,9.8,5.1,1.9,13.4,19.4
1600000US4819972,4819972,"Denton city, Texas",5.8,39.2,20.7,25.1,6.2,8.7,70611,0.4,4.7,7.6,2.4,10.9,3.3,3.8,5.5,9.8,29.8,13.9,5.7,2.1,11.9,18.7
1600000US4822660,4822660,"Edinburg city, Texas",7.4,42,16.5,28.6,7.7,5.2,37467,3.7,4.8,2.9,2.2,12.8,2.2,0.5,6.1,6.6,40.9,6.7,3.2,7.5,25.9,27.6
1600000US4824000,4824000,"El Paso city, Texas",5.8,32.4,20.3,27.8,8.1,11.4,287335,0.6,5.7,6.3,2.9,11.9,6.5,1.9,4.7,11.7,26.3,11.3,3.9,6.4,20.5,22.1
1600000US4826232,4826232,"Flower Mound town, Texas",3.1,59.9,8.2,23.9,2,6,38019,0.8,4.2,8.5,2.8,10,7.2,4.5,11.6,18.1,19.3,6.4,4.3,2.3,1,4.7
1600000US4827000,4827000,"Fort Worth city, Texas",4.8,34,16.7,23.8,10.9,14.5,405649,1.4,8.9,10.3,3.9,9.7,7.9,2.1,7.5,10,20.9,8.6,5.5,3.4,15.3,17.5
1600000US4827684,4827684,"Frisco city, Texas",3.7,65,7.7,22.1,2.4,2.8,79366,0.4,3.2,8.5,3.6,8.9,2.4,4.5,15,19.8,21.5,5.9,4.3,1.9,2.5,4.3
1600000US4829000,4829000,"Garland city, Texas",5.2,28.8,20.1,23.4,13.7,14,117138,0.1,12.2,10.2,3.9,10.9,4.5,1.2,7.7,11.8,18.1,11.6,6.5,1.2,11.5,13.8
1600000US4829336,4829336,"Georgetown city, Texas",6.5,39.7,18.8,22.7,10.5,8.3,26368,0.4,10,6,2.2,9.7,2.3,2.1,7.3,7.8,22.3,13.5,7.8,8.6,4.1,3.9
1600000US4830464,4830464,"Grand Prairie city, Texas",4.4,30.4,18,24,10.1,17.5,94513,0.6,8.5,9.7,6,11.8,9.3,1.9,7.2,7.9,19.8,9.3,5,3,13.4,10.3
1600000US4832372,4832372,"Harlingen city, Texas",7.3,30.4,29.2,25.9,8.9,5.6,26622,1.8,4.8,3.3,4.7,10.7,2.3,5.3,5.6,9.9,33.6,10,4.4,3.5,23.5,28.3
1600000US4835000,4835000,"Houston city, Texas",6.5,35.3,20.1,20.3,12,12.3,1121834,3,10.2,8.4,3.1,10.1,5.4,1.2,6.1,14.5,19.4,9.6,6.5,2.5,14.9,20.8
1600000US4837000,4837000,"Irving city, Texas",4.1,35.9,16.4,23.4,12.3,12,125924,0.3,11.5,7.2,3,9.8,6.9,2.6,10.9,18,12.7,11.2,5,1,9.2,13.2
1600000US4839148,4839148,"Killeen city, Texas",10.8,29,23,29.5,7.5,11.1,56341,0.4,5.6,3.8,1.5,12.4,3.8,1.8,6.3,10,23,12.2,3.5,15.6,16.3,13
1600000US4841464,4841464,"Laredo city, Texas",4.5,27.1,23.5,25.8,11.3,12.2,97376,2.7,7.2,1.7,2.7,11.3,15.4,1.4,4.8,7.4,25.9,8.1,5.1,6.3,25.8,32.4
1600000US4841980,4841980,"League City city, Texas",4.9,54.5,11.1,20.8,6,7.6,54270,2,4.7,13.8,1.2,9,2.6,1.6,6,16.6,27.9,7.7,1.9,4.9,4.2,4.3
1600000US4842508,4842508,"Lewisville city, Texas",4,39.6,15.7,26.3,8.2,10.2,59164,0.8,6.5,9.1,3.8,14.1,4.9,1.8,10.7,12.5,16.7,11.6,5.8,1.6,8.5,12.1
1600000US4843888,4843888,"Longview city, Texas",6.3,24.9,22.8,22.5,10.1,19.7,34403,4.1,7.6,14.5,3.6,12.5,3.8,1.1,3.6,7.7,20.1,12.7,6.2,2.5,18.5,18.7
1600000US4845000,4845000,"Lubbock city, Texas",3.6,38.2,18.2,24.2,8.9,10.5,121270,1.7,6.5,5.9,4.2,12.9,5.3,1.2,4.6,7.9,29.4,13.1,4.2,3.1,14.2,20.4
1600000US4845384,4845384,"McAllen city, Texas",6.9,38,20.9,24.3,5.3,11.5,57478,1.1,4.3,5.3,2.6,11.1,5.3,1.7,5,10.1,33,10.6,4.6,5.2,21.9,26.7
1600000US4845744,4845744,"McKinney city, Texas",2.6,47,12.1,27.1,7.4,6.4,87758,0.8,5.9,9.6,2.7,12,3.5,4,12.5,12.5,20.2,9.1,4.7,2.5,3.7,8.1
1600000US4846452,4846452,"Mansfield city, Texas",3.6,46.1,11.6,28.8,5.1,8.4,32993,0.3,2.9,11.6,6.2,14,6,0.7,9.3,9.5,23.1,8.2,3,5.1,4.4,4.1
1600000US4847892,4847892,"Mesquite city, Texas",6.5,32,14.2,24.1,14.2,15.4,66912,0.2,11.5,7.9,3.8,11.9,7.9,1.9,7.2,9.6,24.1,6.9,5.3,1.7,14.1,15.5
1600000US4848072,4848072,"Midland city, Texas",5.5,37.8,14,23.1,13.5,11.7,66909,15.1,7.2,5,3.6,11.8,3.7,1.7,7.2,7.9,20.7,7.2,6.3,2.8,7.6,9.6
1600000US4848768,4848768,"Mission city, Texas",8.8,29.9,19.4,25,11.1,14.6,31760,3.9,6,7.9,6.9,11.9,5.9,2.1,2.2,8,27.4,7.5,5.2,5.1,22.6,22
1600000US4848804,4848804,"Missouri City city, Texas",10.1,N,N,N,N,N,36057,3.1,4.1,8.2,3.2,8.3,10.2,2.6,6.2,11.5,29.3,6.1,2.3,5,8.5,4.7
1600000US4850820,4850820,"New Braunfels city, Texas",N,36.3,18,30.9,6,8.8,34911,1.3,8.2,6.2,3.7,13.9,2.2,1.9,5,13.6,19.1,14,4.1,6.7,5.4,7.2
1600000US4852356,4852356,"North Richland Hills city, Texas",4.3,38.9,23.3,23.6,7.9,6.3,35965,1,6.9,5.7,3.7,11.2,5.8,0.3,11.9,12.6,23.1,8.6,6.5,2.8,7.6,4.7
1600000US4853388,4853388,"Odessa city, Texas",11,26.1,15.9,26.2,15.2,16.6,56150,13.6,8.8,4.8,3.4,16.6,7,2.4,5.3,3.5,15.9,8.6,5.4,4.6,13.8,12.2
1600000US4856000,4856000,"Pasadena city, Texas",11.5,25.4,16.4,21.2,20.3,16.8,62738,2.1,20.4,10.7,2.7,11.1,5.9,0.7,2.7,9.5,14.7,12.9,5.4,1.1,16.7,17.7
1600000US4856348,4856348,"Pearland city, Texas",5,53.3,11.8,20,5.9,9,58758,1.9,7.3,11,2.6,5.3,9.1,1.3,7.5,7.4,33.6,7.2,3.6,2.2,2.6,4.4
1600000US4857200,4857200,"Pharr city, Texas",N,N,N,N,N,N,27962,2.3,11.8,3,1.6,10.4,3.9,3.8,6.6,10.9,30.3,9.3,5,1,33.6,24.2
1600000US4858016,4858016,"Plano city, Texas",4.1,54.1,12.3,24,5,4.7,153901,1,4.5,7.6,3.1,10.8,3.3,5.4,11.8,19.1,19.2,9,3.9,1.4,2.6,6.7
1600000US4861796,4861796,"Richardson city, Texas",4,51.6,12.1,23.3,7.3,5.6,59676,1,5.3,7.3,1.6,11.6,3.7,3.5,10.3,17.3,22.7,7.8,6.1,1.9,4.4,9.4
1600000US4863500,4863500,"Round Rock city, Texas",8.3,41,15.6,26,7.1,10.4,64943,0,6.4,12.4,2.7,12.3,3.8,3.3,6.9,13.8,23.6,7.9,4,2.9,8.7,7.3
1600000US4864472,4864472,"San Angelo city, Texas",3.8,28,21.8,28,10,12.2,48679,4.6,5.8,6.2,2.2,17.5,2,3,5.5,8.5,26.2,10.1,3.9,4.6,12.1,12.7
1600000US4865000,4865000,"San Antonio city, Texas",6,32.9,20.6,25.5,10.9,10.1,690390,0.9,8.7,5.7,1.8,12.8,4.6,1.8,8.5,11.5,23,11.8,4.8,4,14.6,18.5
1600000US4870808,4870808,"Sugar Land city, Texas",7.3,61.7,6,24.7,5.5,2.1,41398,7.4,4.9,6.7,4.7,11.8,2.1,2.4,7.3,18.4,22.5,4.8,5.9,1.2,1.5,5.7
1600000US4872176,4872176,"Temple city, Texas",5.5,32.6,22.4,22.6,7.7,14.7,31307,1.7,4,8.1,4,11.5,5.4,1.6,3.3,6.8,33.7,9.8,3.3,6.9,15.9,16.6
1600000US4872656,4872656,"The Woodlands CDP, Texas",N,59.1,7.6,26.3,1.8,5.1,48135,7,5.8,8.1,4,11.2,5.8,0.1,7.4,18.3,18.9,8.8,1.5,3.2,1.8,5.4
1600000US4874144,4874144,"Tyler city, Texas",7.8,32.3,25.4,24.3,9.5,8.4,44212,2,8.7,5.8,2.1,11.1,2.7,4.5,4.8,9.5,29.1,11.7,5.9,2,10.9,21.7
1600000US4875428,4875428,"Victoria city, Texas",6.6,29.1,20.7,24.7,14.4,11.1,33807,5.6,8,8.2,4.1,15.6,3.1,0.9,5,8.7,22.2,12.6,4.2,1.6,14.5,15.7
1600000US4876000,4876000,"Waco city, Texas",3.2,32.1,21.1,23.2,10.5,13.1,61321,1.3,7.2,10,1.5,14,3.1,1.1,5.6,6.3,28.9,10.7,6.6,3.6,14.3,25.9
1600000US4879000,4879000,"Wichita Falls city, Texas",5,36.6,24.3,18.4,13.7,7,42565,4.5,7.9,4.1,1,11.2,3.2,2.2,5.2,5.5,25,15.8,6.6,7.7,17.5,19.2
1600000US4943660,4943660,"Layton city, Utah",N,33.4,14.6,29.5,8.7,13.7,34721,0.6,8.4,11.1,3,12.5,6.6,2.2,6.4,9.8,19.6,8.6,1.9,9.4,7.6,7.4
1600000US4955980,4955980,"Ogden city, Utah",4.9,24.9,15.2,23,11.2,25.7,37888,1.1,8.2,23.2,1.5,9.8,2.8,1.3,3.7,12,18.9,7.1,3.5,7,13.9,17.6
1600000US4957300,4957300,"Orem city, Utah",3.8,41.3,13.2,29.9,5.9,9.7,47996,0.4,5.6,8.2,3.9,12.4,3.1,5.4,4.4,18.6,23.6,8.9,3.8,1.7,9,11.9
1600000US4962470,4962470,"Provo city, Utah",5.2,39.4,20.9,28.5,4.2,7,65640,0.2,2.9,5.7,2.9,10.3,1.8,3.7,4.8,17.3,32.3,11.1,5.1,1.9,8.5,26.4
1600000US4965330,4965330,"St. George city, Utah",4.6,28.6,24.5,29.8,11.4,5.6,34906,0.4,11.2,5.7,1.1,14.6,6,2.3,4.1,13.6,22.4,11.6,5.1,1.8,8,14.2
1600000US4967000,4967000,"Salt Lake City city, Utah",3.3,46.3,17.2,20.7,5.3,10.5,110322,0.7,4.6,8.8,2.5,10.5,3.9,1.6,5.7,14.2,27.2,12.7,4.1,3.3,7.8,16.1
1600000US4967440,4967440,"Sandy city, Utah",3.1,47.6,12.7,26.8,4.9,8,48149,0.2,3.7,7.3,2.6,12.4,4.3,2.4,12.9,15,25.1,7.9,3,3,3.4,4.2
1600000US4970850,4970850,"South Jordan city, Utah",N,51,8.8,25.5,5.2,9.5,34725,1.1,3.9,14.7,4.1,9,3.8,2.3,13,13.4,19.7,6.6,3.3,5,2.2,4.1
1600000US4982950,4982950,"West Jordan city, Utah",4,37.7,15,29.3,7.1,10.9,58181,1.2,4.9,11.1,2.7,13.1,6.2,2.7,9,12.1,21.3,7.7,4.4,3.6,6,3.3
1600000US4983470,4983470,"West Valley City city, Utah",4,22.5,17.9,24.7,13.2,21.8,68778,0.5,10.8,14.1,2.4,9.6,9.8,1.2,6.9,12.8,12.3,11.2,5.2,3.2,10,10.3
1600000US5101000,5101000,"Alexandria city, Virginia",3.1,58.2,16.2,16.2,4.1,5.3,94342,0.2,5,2.2,1.1,4.9,2.6,2.8,5.9,23,16,11.3,8.7,16.2,5,12.5
1600000US5103000,5103000,"Arlington CDP, Virginia",2.8,69.4,10.4,12.7,5.1,2.5,144677,0.3,4.3,1.5,1.2,3.6,2,3.5,6.6,30.1,15.6,7.5,7.7,16.1,3.2,8.1
1600000US5114440,5114440,"Centreville CDP, Virginia",4.3,56.7,13.1,20.2,5.2,4.9,37772,0.2,4,3.4,0.9,8.4,4.4,2.5,5.5,26.3,20.4,8.9,6.8,8.5,6.8,6
1600000US5116000,5116000,"Chesapeake city, Virginia",4.9,39.9,17,24.6,10.3,8.3,114255,0.6,7.3,7.5,2.5,9.9,5.3,2.5,7.2,11.1,22.7,9.6,5.7,8.2,7.9,8
1600000US5121088,5121088,"Dale City CDP, Virginia",3.2,31.7,21.1,23,16.5,7.8,39402,0,13.1,2.2,0.8,15,4.6,3,4,13.8,18.5,10,4.5,10.5,7.8,5.7
1600000US5135000,5135000,"Hampton city, Virginia",6.9,34.9,16.6,23.6,10.3,14.6,61450,0.4,6.8,12,1.9,12.1,4.5,1.7,3.8,12.5,22.4,9.6,4,8.4,13,17.4
1600000US5147672,5147672,"Lynchburg city, Virginia",7.3,36.8,21.7,25.6,5.9,10,37614,1,5,6.7,1,16.7,2.7,1.2,2.6,9.2,33.2,9.4,4.8,6.6,15.1,14.6
1600000US5156000,5156000,"Newport News city, Virginia",7.1,35.1,18,23.3,10,13.6,84647,0.2,5.8,11.3,1.7,13.1,3.9,2.4,3.6,10.4,24.7,11.1,4.8,7.1,11.9,13.4
1600000US5157000,5157000,"Norfolk city, Virginia",8,34.7,22.8,20.9,9.5,12,106813,0.1,7.3,7.8,1.2,10.6,5.5,1.6,5.2,10.1,24,12.6,5,8.9,15.6,19.9
1600000US5164000,5164000,"Portsmouth city, Virginia",6,28.9,22.5,23.4,13.2,11.9,43418,0.1,5.2,10.1,3.5,13.2,3.9,1.3,4.6,9.9,23.9,11.1,4.6,8.6,17.8,17
1600000US5167000,5167000,"Richmond city, Virginia",7.5,44.3,20.2,21.7,6.7,7,112422,0.2,4.9,4.2,1.6,10.5,3.5,2.2,7.7,13.2,30.1,10.9,4.9,6.1,17.7,26.8
1600000US5168000,5168000,"Roanoke city, Virginia",7.3,29.5,22,27.9,7.7,12.9,45992,0.4,6.3,7.6,2,12.8,4.9,1.3,6.6,10.8,24.6,14,4,4.6,16.3,24.5
1600000US5176432,5176432,"Suffolk city, Virginia",4.1,37.2,18.3,21.5,8.5,14.4,41726,0.6,6.3,16.2,2.8,9.4,4.5,0.9,4,10.5,23.4,8.6,3.8,8.9,11.8,11.3
1600000US5182000,5182000,"Virginia Beach city, Virginia",4.7,39.6,16.1,26.8,9,8.5,224753,0.4,6.6,5.8,1.8,12.6,4.6,1.5,7.6,12.4,21.9,11.7,4.2,9,6,7.9
1600000US5303180,5303180,"Auburn city, Washington",6.2,25.9,17.3,26.3,10.9,19.6,36607,0.7,9.6,13.4,3.8,14.4,8.5,1,6,10.5,16,7.1,3.9,5.3,17.6,10.7
1600000US5305210,5305210,"Bellevue city, Washington",3.4,66.8,10.8,16,2.7,3.6,72968,0.2,3.1,7.5,3.6,12.3,3.2,6,6.3,29.8,15.7,8.6,3,0.9,5.5,5.9
1600000US5305280,5305280,"Bellingham city, Washington",5,33,26.6,26.6,5.3,8.4,45328,0.6,4.1,8.4,2.8,17.5,2.8,1.4,4.4,9,26.6,13.9,5.6,2.7,15.5,22.5
1600000US5322640,5322640,"Everett city, Washington",6.8,31,20.1,21.2,10.4,17.2,51485,0.6,8,20.1,2.5,12.7,3.2,2.1,5.9,9.4,16.9,11.3,4.9,2.5,20.4,16.3
1600000US5323515,5323515,"Federal Way city, Washington",5.4,34.6,20.2,19.7,11.2,14.1,47215,1,8.3,9.3,3.5,12,10.5,2.2,7.3,12.1,16.1,9.3,4,4.4,16,13.8
1600000US5335275,5335275,"Kennewick city, Washington",6.9,33.1,19.2,21.1,12.6,14.1,33190,2.2,9.1,9.5,2.1,14.9,5.7,2.4,3,11.6,23.7,7.4,2.9,5.4,15.8,12.6
1600000US5335415,5335415,"Kent city, Washington",5.5,30,21,22.2,7.2,19.5,64486,0,6,14.7,5.2,10.8,9.9,0.7,5.1,10.1,19.1,11.9,3.9,2.5,19.2,14
1600000US5335940,5335940,"Kirkland city, Washington",3.3,59.9,11.2,18.1,5.5,5.3,48914,0.6,4.9,11,2.4,9.3,3.2,4.3,6.3,27.2,17.8,7.3,4.1,1.5,4.5,6.6
1600000US5343955,5343955,"Marysville city, Washington",4.3,33.9,12.4,27,14.5,12.2,33694,0.5,8.9,17.7,1,16.3,3.4,2.2,5.3,9.9,18.3,10.3,4.4,1.8,8.9,7.5
1600000US5353545,5353545,"Pasco city, Washington",5.4,24.7,14.6,20.4,20.6,19.8,32689,17.8,4.5,16.2,2.3,11.3,3.8,1.6,3.8,8,16.1,8.6,2.8,3.2,20.8,16.3
1600000US5357745,5357745,"Renton city, Washington",2.7,41.9,18.2,21.7,7.4,10.8,54845,0.2,4.3,11.1,4,13.7,5.9,1.9,5.8,16.5,19.2,8.5,5.9,3,15.7,10.5
1600000US5363000,5363000,"Seattle city, Washington",4.7,60.4,13.9,16.9,3.2,5.7,425827,0.7,3,7,2.3,11.9,3.6,4.2,6.2,20.6,22.1,11.3,4.4,2.6,8.4,11.5
1600000US5367000,5367000,"Spokane city, Washington",5.8,34.2,21.7,23.5,8.2,12.5,98949,0.9,5.3,8.1,3.6,10.9,4.4,2.2,6.2,8.8,25.4,12.5,6.2,5.4,21.4,17.7
1600000US5367167,5367167,"Spokane Valley city, Washington",5.6,30.3,17.6,28.4,12,11.7,46596,0.8,7.8,8.2,3.9,14.9,4.3,0.7,7,11.3,23.7,10.9,4.2,2.2,15.6,11
1600000US5370000,5370000,"Tacoma city, Washington",5.7,33.1,19.4,24.8,8.1,14.6,102133,0.8,6.2,9.5,2.9,13.3,6.6,1.3,5.6,7.9,24.1,9.2,6.3,6.2,19.2,16.3
1600000US5374060,5374060,"Vancouver city, Washington",5.5,32.5,21,23.7,9.8,13,85151,0.5,7.4,9.5,2.2,11.1,7.6,2,7.8,12.7,19.8,11.8,4.6,3,18.6,12.4
1600000US5380010,5380010,"Yakima city, Washington",8.4,22.5,16.6,26.2,17.7,17,39265,11.1,5.3,8.6,4.3,13.5,5.1,1.3,3.5,5.5,23.5,7.3,5.7,5.1,23.5,22.6
1600000US5502375,5502375,"Appleton city, Wisconsin",5,32.7,17.7,24.1,7.2,18.4,39039,0.5,6.3,21.7,2.5,10.9,4.3,0.7,6.8,8.5,21.8,10.3,3.1,2.7,10.3,13.7
1600000US5522300,5522300,"Eau Claire city, Wisconsin",5.3,32.6,22.4,24.6,5.4,15,36643,0.3,4.2,9.3,3.2,20.1,4.6,1.6,4.2,7.5,27,9.5,5.1,3.6,11.8,15.4
1600000US5531000,5531000,"Green Bay city, Wisconsin",4.2,26.6,20.2,23.2,7.1,22.9,56345,1.2,4.2,22.4,3.9,9.9,5.2,1.6,6.1,8,19,12.6,4.4,1.6,14.8,15.6
1600000US5539225,5539225,"Kenosha city, Wisconsin",8,32.8,22.5,20.6,6.3,17.8,47095,0.1,4,13.6,2.9,15.4,4.9,1,3.3,8.6,25.3,11,3.7,6.3,23.4,18.9
1600000US5548000,5548000,"Madison city, Wisconsin",3.8,55.3,15.6,18.3,3.2,7.6,150292,0.4,2.2,8.1,1.2,8.7,2.9,2.2,7.4,15.3,32.2,11,4.1,4.4,8.4,16.9
1600000US5553000,5553000,"Milwaukee city, Wisconsin",8,30.3,23.6,22.8,5.7,17.5,275797,0.6,3.9,14.5,2.1,11.5,4.7,1.4,4.6,11.3,26.1,11.1,4.7,3.5,29.6,26.7
1600000US5560500,5560500,"Oshkosh city, Wisconsin",3.9,29.4,18.5,28.4,4.8,18.9,34902,0,2.9,23,3.2,13.5,3.8,0.9,4,10.7,20.4,9.2,5.3,3,11.4,21.7
1600000US5566000,5566000,"Racine city, Wisconsin",5.9,17.2,24.2,25.6,7.7,25.4,33690,0.1,4.5,21.5,4.3,12.7,6.8,2.1,3.2,9.6,19,10.7,2.7,2.9,29.3,23.9
1600000US5584250,5584250,"Waukesha city, Wisconsin",4.2,38.2,16,27.5,5.5,12.9,39784,0,5.2,15,2,11.9,3.3,1.6,7.4,11.5,22.9,12.3,4.1,2.8,13.2,12.7
1600000US7206593,7206593,"Bayamn zona urbana, Puerto Rico",14.4,30.6,19.5,35.6,5.6,8.6,59337,0.2,2.6,6.6,4.3,16.7,4.3,2.3,6.4,11,22,9.7,5.8,8,28.4,35.1
1600000US7210334,7210334,"Caguas zona urbana, Puerto Rico",20.4,33.3,23,29.3,7.4,7,23994,0.3,4.7,5.2,2.9,10.9,2.6,2.6,6.4,12.3,25.1,16.2,4.2,6.5,39.9,40.3
1600000US7214290,7214290,"Carolina zona urbana, Puerto Rico",15.8,33,20.3,30.8,8.5,7.4,55421,0.1,4.6,5.5,2.4,12.6,5,1.5,7.4,12,20.1,13.8,6,8.9,29,30.8
1600000US7232522,7232522,"Guaynabo zona urbana, Puerto Rico",11.1,52.3,16.1,23.1,4.8,3.7,31239,0.1,4.4,4.6,4.1,8.5,4.4,3.4,12.7,13.2,21.6,8.3,6.2,8.7,16.2,21.9
1600000US7263820,7263820,"Ponce zona urbana, Puerto Rico",12.7,34.8,17.9,27.6,7.8,11.9,32318,0.9,5.1,8.1,2.4,14.4,3.8,1.9,5,9,28.1,10.5,3.5,7.3,44.9,47.4
1600000US7276770,7276770,"San Juan zona urbana, Puerto Rico",15.2,41.3,19.6,27.3,7.2,4.6,123180,0.2,6.2,4.3,2.6,12.6,3.4,3,6.6,14.4,22.4,10.1,6.7,7.4,28.6,40