Geography,Per Capita Income (2016),All People Under PL(%),Female household under PL (%),%onFoodStamps,DIABETES_AdjPrev,OBESITY_AdjPrev,DENTAL_AdjPrev,% of pop 15+ not married,% of Pop 15+ Now Married,Geolocation
"Birmingham city, Alabama",23432,24.5,35.5,25.4,16.1,39,49.1,46.4,33.5,33.52756637730 -86.7988174678
"Hoover city, Alabama",43410,5.4,8.1,5.6,7.7,24.7,72.7,27.8,59.4,33.37676027290 -86.8051937568
"Huntsville city, Alabama",33255,17.3,36.1,12.8,10.7,32,60.5,36.6,44.4,34.69896926710 -86.6387042882
"Mobile city, Alabama",25358,21.4,32.5,19.5,13.8,37.6,52.6,41.4,38.5,30.67762486480 -88.1184482714
"Montgomery city, Alabama",26936,19.3,31,20.9,13.3,36.8,57.1,39.6,38.8,32.34726453330 -86.2677059552
"Tuscaloosa city, Alabama",24920,24.7,34.4,8.9,13.6,38.5,56.4,54.2,30.1,33.23360839510 -87.5268004073
"Anchorage municipality, Alaska",39061,6.3,14.6,8.8,8.2,27.7,66,37,49.2,61.14986873100 -149.111113424
"Avondale city, Arizona",22906,14.4,24.7,16.7,11,30.1,56.7,35.1,48.2,33.38583674050 -112.323626619
"Chandler city, Arizona",35893,7.1,15.8,4.9,7.7,24.5,68,31.5,52.2,33.28318981000 -111.852210033
"Gilbert town, Arizona",34565,5,8.4,5,7.1,23.5,71.2,27.4,58.8,33.31014939200 -111.746237467
"Glendale city, Arizona",24658,16.4,24.5,17.3,9.9,29.6,57.1,36.9,42.2,33.57961230890 -112.225306421
"Mesa city, Arizona",26713,16.8,29.7,11,8.9,28.3,60.6,32.8,49.7,33.40228373590 -111.718721181
"Peoria city, Arizona",30789,7.7,8.8,6.9,7.9,26,65.8,27.5,53.7,33.78472064220 -112.298680584
"Phoenix city, Arizona",26308,20.3,32.9,16,10.2,30.1,56.4,39.3,43.9,33.57241386950 -112.088995222
"Scottsdale city, Arizona",57346,8,12,3.6,6.5,23.2,72.3,28.5,52.3,33.68724936510 -111.865085877
"Surprise city, Arizona",26588,9.7,14.5,6.6,7.9,26.3,65.6,22.5,60.2,33.68038351770 -112.452218439
"Tempe city, Arizona",30292,20.3,21.6,7.4,8.5,27.2,62.9,51.5,34.2,33.38826403070 -111.931802302
"Tucson city, Arizona",21526,24.1,32.5,18.4,10,30.4,56.9,43,37.5,32.15672444830 -110.877085494
"Yuma city, Arizona",22499,16.7,41.9,17.8,11.1,33.3,53.9,31.2,53.3,32.59860271170 -114.548368370
"Fayetteville city, Arkansas",26246,25.2,30.5,5.6,9.3,30.4,60.4,53,32.9,36.07121173120 -94.1659600436
"Fort Smith city, Arkansas",21842,21.6,29.7,18.2,11.6,35.8,54.1,30.4,47.4,35.34916926360 -94.3696317306
"Jonesboro city, Arkansas",27078,17.1,29.6,15.6,10.3,32.9,57.1,36.6,39.6,35.82081215380 -90.6794991686
"Little Rock city, Arkansas",32774,18.8,30.5,9.7,11.8,31,61.3,36.5,43.2,34.72539578940 -92.3583751863
"Springdale city, Arkansas",23141,15.6,33.2,13.4,11.9,34.5,49.2,29.3,54.2,36.18699325980 -94.1536274531
"Alameda city, California",44622,6.8,10.8,4.7,8.1,18.7,69.9,30.3,53.8,37.76508490310 -122.266489842
"Alhambra city, California",25903,12.7,8.3,4.5,10.9,18.1,61.4,39.6,47.6,34.08397343830 -118.135514119
"Anaheim city, California",25127,15,20.3,13,10.5,23.3,59.9,37.5,48.6,33.83890769960 -117.857613481
"Antioch city, California",29741,12,19.3,15.1,10.3,30.5,62.7,33.9,51.7,37.97770429220 -121.796606971
"Apple Valley town, California",21912,16.8,40.6,24.4,10,27,58.9,34,50.1,34.53159849480 -117.211012664
"Bakersfield city, California",24488,20,38.5,17.8,10.9,30.3,61.5,37.9,49.2,35.35133028550 -119.029786003
"Baldwin Park city, California",18175,12.9,35,7.2,13.7,27.4,52.3,39.4,51.9,34.08287151900 -117.972100918
"Bellflower city, California",21643,13.5,23.9,12.6,11.9,27.4,57.2,37.1,47.8,33.88804179230 -118.127100236
"Berkeley city, California",48533,16.1,9.2,4.5,7.8,21,71.4,55.6,33.7,37.87256787650 -122.274907975
"Buena Park city, California",25613,12,11.7,9.1,9.9,20.5,63.2,38.2,47.3,33.85721268440 -118.004517591
"Burbank city, California",38366,10.5,8.8,4.6,8.3,21.9,69.7,36.7,48.4,34.18797996050 -118.323429032
"Carlsbad city, California",56006,5.2,3.8,1.2,7.2,20.1,73,28.2,57.5,33.12480510260 -117.282903303
"Carson city, California",28178,8.5,17,5.3,11.7,24.4,61,40.4,46.4,33.83740830010 -118.255936422
"Chico city, California",25066,26.6,32.9,14.7,8.6,27.1,62.9,50.4,31.8,39.75685036680 -121.815983972
"Chino city, California",21076,15.8,12.7,9.1,10.4,24.7,61.5,37.3,45.8,33.98358812600 -117.665296584
"Chino Hills city, California",36499,6.5,30.5,1,8.3,18.6,70.2,34.5,55.6,33.95077454600 -117.725326968
"Chula Vista city, California",27103,10.5,22.7,9.6,11.1,23.9,61.5,32.6,53.3,32.62829642620 -117.010042407
"Citrus Heights city, California",28187,12.8,16.7,9.9,8.8,26.8,63.6,32.7,46.6,38.69477883420 -121.287991502
"Clovis city, California",30319,14.2,31.4,12.9,8.9,23.6,68.9,31.7,52.4,36.82894001790 -119.686652850
"Compton city, California",15758,26.5,33.2,23.9,16.5,35.5,46.1,48.1,40.9,33.89296569300 -118.227506568
"Concord city, California",35541,11,24,6.9,8.7,27.5,67.1,33.9,51,37.97218103070 -122.001588036
"Corona city, California",29601,11.8,20,8.6,9.7,26.3,65.2,35.7,50.2,33.86235717870 -117.564224471
"Costa Mesa city, California",37059,11.6,13.8,3.9,8.8,22.2,66.4,41.1,46,33.66676513530 -117.913504750
"Daly City city, California",35320,6.6,9.3,5.8,9.6,17.6,66.1,38,47.7,37.68615522760 -122.468298024
"Downey city, California",25868,7.7,11,7,11.2,26.3,61.4,38.7,47.2,33.93786725600 -118.131150116
"El Cajon city, California",20852,26.7,28.9,26.5,10.8,27.1,55.5,32.8,47.3,32.80165819210 -116.960483614
"Elk Grove city, California",35696,7.1,17.7,4.6,9,22.3,67,31.9,53.8,38.41599920060 -121.384137762
"El Monte city, California",15935,20.7,28.2,16.7,14.4,26.4,47.9,42.1,47.4,34.07391965300 -118.029071951
"Escondido city, California",25023,14.7,34,13.4,11.1,26.5,55.5,35.5,49.8,33.13469529550 -117.072122618
"Fairfield city, California",32385,10.3,28.5,13,10.2,26.7,63,34.3,52,38.25584463430 -122.039303253
"Folsom city, California",44673,6,15.5,2.6,7.1,21.8,72.7,25.1,58.7,38.67504943280 -121.147605753
"Fontana city, California",22174,11.8,28.1,13.3,12.4,28.1,54.9,37,50.8,34.09742278330 -117.459241285
"Fremont city, California",46899,3.1,4.2,3,8,15.6,71.2,26.2,63.3,37.52786854050 -121.984121512
"Fresno city, California",22260,28.1,42.7,24,12.3,28.7,56.3,42.1,42.4,36.78267867110 -119.794126569
"Fullerton city, California",33032,14,18.5,8.1,9.1,20.6,65.3,38.8,48.4,33.88403780130 -117.927850895
"Garden Grove city, California",24000,14,25.2,12.3,10.8,19.9,58,38.9,49.8,33.77869406350 -117.960111162
"Glendale city, California",35405,14.4,16.1,8.1,9,22.5,65.2,33,52,34.18188937300 -118.246766660
"Hawthorne city, California",21088,19.3,23.5,12.4,13.2,30.1,55.2,45.2,39.8,33.91466770100 -118.347667728
"Hayward city, California",29152,10.5,16.2,10.6,10.8,23.8,60.4,40.9,46.6,37.63295915510 -122.077051051
"Hesperia city, California",19129,20.7,38,18.8,11.7,29.2,53,37.1,49,34.39734767730 -117.314392219
"Huntington Beach city, California",44950,8.2,13.6,4.8,7.4,19.6,71.9,32.4,50.1,33.69527490770 -118.001810806
"Indio city, California",23103,19.3,29.9,9.9,11.8,31.6,55.3,35.9,48.9,33.72980678370 -116.237258141
"Inglewood city, California",26372,14.9,17.7,10.7,14.8,33.6,52.3,44.8,37.3,33.95657480180 -118.344444926
"Irvine city, California",49205,12.7,13.6,1.7,7.2,15.6,73.8,33,57,33.67801089040 -117.773633283
"Lake Forest city, California",43115,8.1,19.1,3.2,7.6,19.2,72.5,28.5,58.7,33.66341289480 -117.670683341
"Lakewood city, California",31086,10.1,18.3,4.3,9.1,22.4,67.4,36,49,33.84705319410 -118.122204765
"Lancaster city, California",20375,24.8,35.7,8.6,11.9,29.3,56.4,45.4,41.1,34.69343470170 -118.175306356
"Livermore city, California",47559,5.2,6.5,4,7.5,21,71.9,25.9,61.6,37.68651013610 -121.764357841
"Long Beach city, California",29096,18.8,26.1,11.5,11.1,26.2,59.9,46.4,39.6,33.80601448250 -118.160894146
"Los Angeles city, California",31619,19.5,27.6,10.2,11.7,26.7,58.2,45.6,41.4,34.11822778980 -118.408500088
"Manteca city, California",25264,11.2,10.5,11.8,9.5,27.8,62.1,32.9,50.3,37.79619251020 -121.231230612
"Menifee city, California",27313,8.2,18.9,6.3,9.2,27,65.3,29.8,52,33.69095330450 -117.184876990
"Merced city, California",19340,28.2,63.9,29.5,12.4,31.6,54.2,42.9,41.8,37.30558632170 -120.477710571
"Milpitas city, California",40344,7.8,18,1.5,9,15.2,69.9,33.2,57.8,37.43386976300 -121.892083025
"Mission Viejo city, California",47836,4.7,3.2,1.8,6.9,18.8,74.9,26,57.5,33.60959768910 -117.655029608
"Modesto city, California",24445,13.7,16.4,15.3,10.4,30,59.5,33.2,51.3,37.66154782210 -120.988548061
"Moreno Valley city, California",19585,16.4,26,15.2,12.5,31.7,55.4,41.5,45.5,33.92443141120 -117.204501895
"Mountain View city, California",65400,11.6,26.6,3,7.3,18.4,76.3,37.5,50.9,37.39992523790 -122.079544343
"Murrieta city, California",30728,11.9,17.2,5,8.3,24.8,69.3,31.1,55.9,33.57197433560 -117.190921143
"Napa city, California",36577,7.8,15,4.3,8.8,26.1,66.3,29.9,51.2,38.29804246490 -122.301093331
"Newport Beach city, California",85801,6.7,15.5,0.9,6.1,17.8,78.2,28.1,58.4,33.61501036070 -117.867364631
"Norwalk city, California",20834,17.3,21.9,12.1,12.2,26.5,58,44.2,42.6,33.90688082280 -118.082915204
"Oakland city, California",38198,18.9,34.2,10.4,11.5,25.8,59.5,45.7,40.7,37.79087803500 -122.214859257
"Oceanside city, California",28894,11,22.9,7.3,9.8,24.4,62,30.5,50.8,33.22474574740 -117.308200285
"Ontario city, California",21069,14.6,27.2,12.9,12.3,28.4,53.8,41.3,46.9,34.03926494640 -117.606427103
"Orange city, California",35804,9,15.2,5.2,8.8,21.6,66.5,36,50.4,33.80464195670 -117.823185500
"Oxnard city, California",22071,14.8,24.7,12.7,12.2,27.8,55.3,42.1,45.8,34.19592377310 -119.181876570
"Palmdale city, California",20240,18.1,35,14.2,12.6,29.6,55,39,48.2,34.59448998030 -118.105772328
"Pasadena city, California",44403,14.3,21.9,5,9.5,23,67.5,43.2,42.4,34.15976348060 -118.138921644
"Pleasanton city, California",63690,6.2,13.7,1.2,6.7,17.5,76,20,67.3,37.66560921710 -121.880775002
"Pomona city, California",17756,20.8,32.9,15.8,13.4,29.2,53.4,50.2,39.6,34.05850263660 -117.762551658
"Rancho Cucamonga city, California",33136,8.4,8.5,7.6,8.9,23,67.2,35.8,49.9,34.12458955550 -117.566175870
"Redding city, California",27619,20.3,35.2,10.8,8.6,27.1,60.8,30.3,48.6,40.56975912710 -122.365026322
"Redlands city, California",31445,12.6,16.1,10.7,8.5,23.2,66.6,36.6,44.9,34.05113153170 -117.170935294
"Redondo Beach city, California",60403,4.9,5.2,2.5,7,19.3,76.7,28.4,55.9,33.85752801590 -118.376567893
"Redwood City city, California",49140,8.6,15.2,2.5,8.5,23.7,68.6,35,52.1,37.50091452760 -122.224767617
"Rialto city, California",17562,18.1,34.8,26.1,13.4,30.8,51,41.8,45.2,34.11281580890 -117.388535978
"Richmond city, California",26238,14.5,22.1,11,12.1,32.5,58,40.5,46.9,37.94797103650 -122.336803759
"Riverside city, California",24064,15.1,20.1,11.9,10.8,29.4,59.1,42.4,43.2,33.93812516850 -117.394845824
"Roseville city, California",37850,7.4,25.2,2.9,7.5,22.6,72.3,27.4,54.6,38.76575161820 -121.302847708
"Sacramento city, California",28875,19,36.2,13.4,11.1,27.3,58.2,41.2,43,38.56663215670 -121.468299801
"Salinas city, California",19160,14.8,22.9,8.6,12.8,29.8,51.5,45.8,44.1,36.68891743210 -121.631811961
"San Bernardino city, California",16025,29.4,45.6,30.2,14.2,32.2,46.3,47,38.6,34.13923228440 -117.295272732
"San Buenaventura (Ventura) city, California",35474,8.2,6,6.2,8.1,23.5,68.9,33.8,48.5,34.27436102060 -119.231436551
"San Diego city, California",36954,13.1,21.6,5.9,9.5,22.2,64.9,40.8,45.2,32.83556394180 -117.119792061
"San Francisco city, California",61736,10.1,13.1,4.7,8.9,18.4,68.6,46,41.7,37.75591366110 -122.440987876
"San Jose city, California",42122,10.7,19.4,7.6,9.4,20.5,67.6,35.3,52.8,37.30039631760 -121.847228423
"San Leandro city, California",34201,10.2,7.4,7.3,9.8,21.4,63,31.7,50.5,37.70742992620 -122.159061655
"San Marcos city, California",30603,11.6,17.3,5.2,9.7,23.7,62.3,29.4,56.6,33.13496598600 -117.174363098
"San Mateo city, California",58351,6.9,12.2,6.5,7.9,21.1,71.6,33.5,52.6,37.55182268930 -122.312390346
"San Ramon city, California",60560,3.2,8,2.2,6.6,19.3,78.6,24.9,65.5,37.76237054620 -121.938150371
"Santa Ana city, California",18577,17.2,27.1,16.8,13.4,26.9,50.6,43.6,46.4,33.73669484190 -117.881890237
"Santa Barbara city, California",39565,15.8,24.1,4,8.5,23.7,68.7,37.2,45.6,34.42857338740 -119.720187334
"Santa Clara city, California",47046,7.1,19.6,2.3,8.1,18.1,73.5,34.5,56.1,37.36461975040 -121.967932117
"Santa Clarita city, California",39733,7.2,6.6,4.2,8.4,22.7,69.4,31.8,53.8,34.41190391850 -118.503504698
"Santa Maria city, California",19447,15,28.1,15.1,12.6,29.3,52.3,39.5,47.5,34.93337357570 -120.443326954
"Santa Monica city, California",64062,11.2,6.8,1.3,7.2,20.3,75.3,43.6,39.1,34.02318916120 -118.481563937
"Santa Rosa city, California",35115,9.3,15.2,8.7,8.5,23.2,66.6,34.4,44.3,38.44644231020 -122.706005935
"Simi Valley city, California",40034,4.6,12.1,4.7,7.7,21.6,70.9,34.2,51.3,34.26624628570 -118.748980462
"South Gate city, California",16562,18.8,25.8,21.7,15,31.8,48.9,46.6,43.3,33.94473226640 -118.192550525
"Stockton city, California",22440,17.7,28.3,22.3,12.1,29.4,53.5,41.4,42.3,37.97663226790 -121.311121669
"Sunnyvale city, California",56840,7,16.4,2.4,7.6,16.9,75,27.5,62.3,37.38344165660 -122.025624324
"Temecula city, California",31637,8.1,12.9,3.9,8.2,24.3,69.9,29.5,58.2,33.50299808840 -117.122390280
"Thousand Oaks city, California",50194,7.5,15.4,2.8,6.9,20.4,73.7,32.3,51.2,34.19177456550 -118.874888411
"Torrance city, California",42684,5.1,7.4,2.4,8,17.7,72,29.4,56.9,33.83459854640 -118.341641983
"Tracy city, California",28351,6.7,15.2,8.1,9.6,26.1,63.7,32.7,53.3,37.72432773750 -121.444621463
"Turlock city, California",25956,13,29.2,9.8,9.8,28.8,62.1,34.4,50.3,37.50521582710 -120.858762412
"Tustin city, California",36093,10.2,18.5,6.5,9.1,20.5,65.7,41.1,45.7,33.73085203260 -117.810730968
"Union City city, California",36567,6.8,8.7,4,9.7,17.3,65.2,34.5,54.5,37.60283908120 -122.018966106
"Upland city, California",30823,15.6,28.4,9.1,9.3,24.5,63.5,38.5,47.4,34.11784457010 -117.660290062
"Vacaville city, California",34451,5.6,10.9,6.6,8.9,26.2,67.1,30.9,53.1,38.35972350630 -121.969030460
"Vallejo city, California",28244,16.9,25.1,14.1,11.1,26.6,60.3,35.1,47.7,38.11353292470 -122.235518478
"Victorville city, California",17992,22.9,27,28.3,12.7,30.4,51.2,40.9,43.9,34.52776911030 -117.353855136
"Visalia city, California",23628,20.4,48.3,17.8,10.2,29.4,63.8,34.4,48.7,36.32706231570 -119.325273214
"Vista city, California",25783,13.5,15.9,9.8,10.8,26.3,57.4,37.2,48.9,33.18954819780 -117.238607217
"West Covina city, California",25239,10.8,10.8,7.3,10.6,22.3,63.8,36.2,50.2,34.05544151740 -117.911282060
"Westminster city, California",25222,17.7,15.8,17.6,10.8,18.4,57.3,34.6,51.6,33.75215237690 -117.993760054
"Whittier city, California",29911,9.4,17.6,5.8,10.3,25.7,64.9,38.1,46.7,33.96782555960 -118.018796341
"Arvada city, Colorado",37411,5.4,12.6,5.5,5.8,20,69.3,30.6,53.3,39.83082632930 -105.146327974
"Aurora city, Colorado",26836,12.2,22,10.5,8.4,25.8,60.9,36.9,46.6,39.70915947810 -104.726526621
"Boulder city, Colorado",40037,19.3,17.7,3.8,5.4,16.6,73.1,54.1,34.8,40.02755104940 -105.251517760
"Centennial city, Colorado",47739,2.7,3.3,1,5.4,19.3,75.4,23.2,62.1,39.59287207300 -104.867986891
"Colorado Springs city, Colorado",31582,13.2,27.4,11.4,7.1,23.3,65.3,31.5,51.5,38.86727480770 -104.760664479
"Denver city, Colorado",39423,13.7,26.5,9,7.7,19.7,63.1,42.7,41.4,39.76202837430 -104.876365322
"Fort Collins city, Colorado",30830,15.7,22,6.9,6.1,20.1,68,46.2,42,40.54877589240 -105.065904872
"Greeley city, Colorado",25327,17.3,36,12.5,7.9,27,57.7,35.7,48.2,40.41413695210 -104.771170982
"Lakewood city, Colorado",33435,8.6,16.1,6.5,6.4,20.9,66.5,32.8,47.1,39.69767344620 -105.116965444
"Longmont city, Colorado",31601,7.5,17.2,7,6.4,18.2,68.2,28.5,52.8,40.16951647080 -105.101951060
"Loveland city, Colorado",31102,9.5,21.4,7.9,6,20.1,67.9,26.6,55.9,40.41656937580 -105.061758435
"Pueblo city, Colorado",21905,24.2,33.8,21.1,9.6,30.6,55.3,36.9,39.1,38.27339572510 -104.612001218
"Thornton city, Colorado",30194,8,16,8.7,7.5,25.1,66.4,31.9,52.6,39.91939941880 -104.944956758
"Westminster city, Colorado",35328,8.7,20.7,8.8,6.7,22.3,68.6,30.2,51.5,39.88385114750 -105.062645316
"Bridgeport city, Connecticut",22462,21.9,30.6,28.4,12.5,32.5,56.9,47,35.4,41.19280542330 -73.1960546940
"Danbury city, Connecticut",33481,8.9,23.9,8.7,8.5,25.1,68,32.7,48.8,41.40158986060 -73.4709386820
"Hartford city, Connecticut",20162,27.3,34.2,43.7,15.5,38.6,55.3,58.3,24.4,41.76607064190 -72.6834012389
"New Britain city, Connecticut",21703,22.4,35.5,33.7,11.1,32.4,64.5,47.7,33.2,41.67592265400 -72.7861630705
"New Haven city, Connecticut",22982,24.5,28.8,24.6,12.3,35.3,64.4,56.9,29.7,41.31138693920 -72.9247595793
"Norwalk city, Connecticut",51250,7.7,6.4,6.9,8.1,24.6,71.9,34.9,50.4,41.11756316820 -73.4224513123
"Stamford city, Connecticut",48830,8.3,14.2,10.2,8.2,24.2,71.5,37.8,48.6,41.10491450130 -73.5589363142
"Waterbury city, Connecticut",21504,21.9,34.7,31.7,11.2,34.5,63.6,44.1,38.6,41.55824432660 -73.0361298320
"Wilmington city, Delaware",26096,27.7,34.5,25.7,13.8,39.3,54.6,58.8,23.4,39.74127482270 -75.5418960925
"Washington city, District of Columbia",50567,18.6,32.8,14.5,10,25.4,69.2,56.6,30.2,38.90992414260 -77.0147205666
"Boca Raton city, Florida",55150,8.7,20.4,2.1,7.3,20.9,71.9,31.5,48.6,26.37490127150 -80.1078208861
"Boynton Beach city, Florida",29544,14.4,23.4,10.2,10.3,26.7,60.4,34.2,43.5,26.52798180520 -80.0814660417
"Cape Coral city, Florida",26408,11.9,33,9.9,8.6,25.5,62.3,25.8,52.8,26.64485449930 -81.9931108298
"Clearwater city, Florida",28596,16.7,36.8,14.2,9.2,28.5,57.4,30,46.9,27.98059979190 -82.7544099135
"Coral Springs city, Florida",32124,9.3,15.9,10.7,8.9,24.1,67.6,30.9,52.1,26.27017001580 -80.2592221493
"Davie town, Florida",34256,13.8,31.3,12.9,8.7,23.7,67.5,34.8,45.3,26.07893407780 -80.2869750311
"Deerfield Beach city, Florida",24282,17.9,30.9,16.9,10.6,28.4,57.8,36,38.2,26.30499664130 -80.1277706584
"Deltona city, Florida",20326,11.5,7.3,16.5,10.9,27.3,56.4,30.5,49.3,28.90506004800 -81.2134269839
"Fort Lauderdale city, Florida",41098,15.5,29.8,13.4,10.2,27.5,61.2,41.7,37.6,26.14182051740 -80.1471225502
"Gainesville city, Florida",21310,33.4,39.2,12.8,10.1,27.9,58.2,62,24.6,29.68170274310 -82.3452782660
"Hialeah city, Florida",15014,22.5,29.7,45.1,14.7,32.2,52.3,32.7,46.8,25.86962694800 -80.3045294666
"Hollywood city, Florida",29055,12.8,21,16.5,10.2,26.8,61.4,32.7,44.4,26.02870257030 -80.1683976059
"Jacksonville city, Florida",27226,14.9,24.3,15.9,10.6,30.6,57.7,35.6,43.7,30.33198201390 -81.6752266207
"Lakeland city, Florida",25975,15.2,21.7,11.6,10.7,31.2,56.8,32.4,42.9,28.05584826640 -81.9539536462
"Largo city, Florida",25085,14.6,29.2,13.2,9,28,56.7,27.2,43.6,27.90909077340 -82.7714203383
"Melbourne city, Florida",26086,22.7,17.7,14.1,9,25,61.3,31.6,42.1,28.11588057820 -80.6508814613
"Miami city, Florida",25928,24.9,33.6,32.4,14.4,32.1,53.6,40.2,39.6,25.78229589700 -80.2215647762
"Miami Beach city, Florida",51020,13.5,22.4,15.1,10.3,25.8,66.6,36.4,41,25.81671016140 -80.1341952652
"Miami Gardens city, Florida",17395,24,31.5,29.3,14.6,35.5,53,48.9,35.5,25.94326338710 -80.2425332162
"Miramar city, Florida",24408,12.4,18.3,7.4,11.3,27.5,64.5,46.7,42.1,25.97732882330 -80.3357316003
"Orlando city, Florida",28764,19.4,33.4,18.7,11.2,28.6,57.9,44.6,36.7,28.48006467710 -81.3452411179
"Palm Bay city, Florida",20939,17.4,17.4,15.2,10.1,27,57.6,30.9,47.7,27.98382552490 -80.6666722846
"Pembroke Pines city, Florida",30874,11.8,26.4,8.2,9.8,24.7,67.6,36,48,26.01273875340 -80.3384522664
"Plantation city, Florida",34274,8.4,8.7,6.4,8.5,23.7,69.5,32.3,46.6,26.12598539230 -80.2616762465
"Pompano Beach city, Florida",23014,18.2,18.6,21,10.9,29.4,55.9,37.5,41.3,26.24283356990 -80.1312451610
"Port St. Lucie city, Florida",24802,14.1,28.2,9.4,9.6,27.3,60.3,30.1,53.1,27.28086803080 -80.3832154574
"St. Petersburg city, Florida",31860,12.8,22.3,12.8,9.7,29,57.8,37.9,39.1,27.79289497100 -82.6650743239
"Sunrise city, Florida",26694,14.7,17.7,15.3,10.6,27.1,62.6,35.5,45,26.15468783030 -80.2998411020
"Tallahassee city, Florida",25073,26.1,28.4,13,9.9,28.7,63.5,55.8,32.1,30.45489512110 -84.2526459938
"Tampa city, Florida",33481,19.8,27.3,20.2,11.5,30.6,56.1,41.1,39.8,27.99619804100 -82.4450349799
"West Palm Beach city, Florida",32474,17,32.4,12.4,11,27.2,59.9,41,37,26.74787146550 -80.1337397544
"Albany city, Georgia",19894,32.5,47.1,28.6,15.9,40.4,48.5,46.9,33.8,31.57760367660 -84.1763240815
"Athens-Clarke County unified government (balance), Georgia",21818,27.9,40.9,16.3,12.3,32.2,58.1,54.5,32.8,33.95081706830 -83.3689417445
"Atlanta city, Georgia",40882,22.4,36,15.4,13.5,31.6,62.6,55.5,27.8,33.76265246830 -84.4231419055
"Augusta-Richmond County consolidated government (balance), Georgia",21208,25.4,46.7,21.5,14.4,36,53.4,41.5,40.2,33.36445615270 -82.0708396775
"Columbus city, Georgia",23486,21.7,36.1,18.9,13.3,33.2,58.6,38,43.6,32.50996148520 -84.8770410586
"Johns Creek city, Georgia",48752,4.9,16.8,4.3,7.4,19,78.6,24,65.8,34.03329919980 -84.2027195506
"Macon-Bibb County, Georgia",21752,26.3,39.3,20,16.6,42.9,45.9,42.2,37.3,32.83204176920 -83.6495823768
"Roswell city, Georgia",40711,8.2,5.2,7.5,7.9,23.3,74.8,33.3,54.9,34.03913845830 -84.3512225277
"Sandy Springs city, Georgia",54057,11.2,21.3,5.4,8.2,24.2,74,42.6,45.9,33.93666698670 -84.3703197084
"Savannah city, Georgia",22655,23.5,31.8,21.2,14,36,54.3,49.7,32.3,32.02836151570 -81.1783435493
"Warner Robins city, Georgia",27800,20.1,32.9,13.9,12.5,33.6,57.7,28.5,53.7,32.59851136090 -83.6530271267
"Urban Honolulu CDP, Hawaii",33841,11.3,16.7,10.1,9.1,22.1,69.8,35.9,47.9,21.45880393050 -157.973296737
"Boise City city, Idaho",33086,14.5,27.1,9.2,6.9,25.8,66.6,34.3,49.6,43.59843438970 -116.230885189
"Meridian city, Idaho",31974,6.2,10.1,5,6.6,24.8,69,20.5,60.8,43.61851953830 -116.397584870
"Nampa city, Idaho",17284,15.7,22.6,15.5,9.2,35.1,56,32.5,48.2,43.58293156810 -116.564145085
"Arlington Heights village, Illinois",44842,3.7,8.6,4,6.6,21.5,73.6,24.3,59,42.09562334200 -87.9825627457
"Aurora city, Illinois",29179,12.3,33.2,14.7,11.1,32,60.5,37.5,50.5,41.76377508370 -88.2900949057
"Bloomington city, Illinois",35903,10.7,35,12.3,8.3,29.1,68.1,37.5,47.3,40.47567783660 -88.9700813515
"Bolingbrook village, Illinois",30638,8.5,29.3,10.7,10.1,31.8,66.4,37.1,53.8,41.69116539080 -88.1011218035
"Champaign city, Illinois",30366,21.5,26.8,6.5,9.1,30.2,64,52.6,35.5,40.11510513610 -88.2729845986
"Chicago city, Illinois",33122,19.1,32.8,18.7,12.4,31.3,56.4,49.2,37.3,41.83729506150 -87.6862308732
"Cicero town, Illinois",17937,21.1,37.3,24.5,14,33.9,47.4,48.3,43.4,41.84453914300 -87.7592873023
"Decatur city, Illinois",24821,22.9,48.3,26.2,10.6,35.3,56.6,36.6,38.5,39.85558226450 -88.9336983421
"Elgin city, Illinois",26791,14.9,25.7,16.6,10.2,30.8,62.1,35.4,50.7,42.03854024720 -88.3224947104
"Evanston city, Illinois",43705,14.1,20.5,5.6,7.9,24,70.7,44.6,41.7,42.04630996490 -87.6940348773
"Joliet city, Illinois",25968,11,22.7,15.7,10.7,35.2,62.1,36.2,48.7,41.52063900370 -88.1507097756
"Naperville city, Illinois",49929,4.1,18.2,3.5,6.7,22.7,76.4,27.9,62.4,41.74820011450 -88.1657705099
"Palatine village, Illinois",40574,5.5,24.5,6.7,7.4,22.8,69.7,32.2,54.6,42.11806636950 -88.0429898820
"Peoria city, Illinois",28475,19.8,32.3,18.4,10.4,34.2,61,41.1,40.6,40.75156841460 -89.6152554580
"Rockford city, Illinois",24034,22.6,36.2,26.8,11.2,37.5,53.7,37.4,40.9,42.26331800150 -89.0625958362
"Schaumburg village, Illinois",36225,8.1,14.8,7.1,7.3,21.1,70.9,31,54,42.03054887550 -88.0838663543
"Springfield city, Illinois",30784,18.5,31.8,12.6,9.3,32.2,62.8,38.3,40.6,39.77164733220 -89.6540780049
"Waukegan city, Illinois",21134,17.3,36.9,21.1,13.1,35.6,52.7,42.6,43.1,42.37029555820 -87.8712595095
"Bloomington city, Indiana",22668,38.1,49.6,11.1,9.3,29,62,62.8,24.2,39.16374582210 -86.5257124351
"Carmel city, Indiana",54433,3.9,19.7,1.2,6.8,24.6,79.7,24.6,62.1,39.96584046130 -86.1461278461
"Evansville city, Indiana",22089,23.7,37.6,14.7,10.5,35.1,59.6,37.7,36.2,37.98671580260 -87.5382707310
"Fishers city, Indiana",48019,2.9,12.9,2.8,7.1,25.7,79.1,25.2,63.3,39.95876352630 -85.9693107020
"Fort Wayne city, Indiana",24255,19,36.2,14.1,10.8,33.4,62.7,36.4,45.2,41.08849204170 -85.1435898792
"Gary city, Indiana",19207,33.3,38.6,27.1,18.2,46.9,38.8,45.9,30.6,41.59047792390 -87.3472907397
"Hammond city, Indiana",19923,21.3,33.2,20.8,13,37.5,48.5,43.7,40.1,41.61714428280 -87.4909551115
"Indianapolis city (balance), Indiana",26801,18.9,29.5,14.6,11.2,34.9,60.1,42.5,40,39.77712210750 -86.1457821520
"Lafayette city, Indiana",25546,19.3,40.6,14.5,9.7,31.8,58.9,37.1,43.8,40.39942852850 -86.8617007404
"Muncie city, Indiana",21788,28.1,39.4,18.7,11.5,36.7,53.8,49.9,30.6,40.19870983240 -85.3942940148
"South Bend city, Indiana",19644,24.7,39.6,20.7,12.1,37.3,54.2,42,39.4,41.67699145490 -86.2690372417
"Cedar Rapids city, Iowa",31485,11.9,36.7,11.1,8.4,32,70.2,33.3,49.6,41.96672925800 -91.6781679349
"Davenport city, Iowa",25516,18.8,33.4,11.2,9.1,33.3,67.5,36.9,45.4,41.55579268760 -90.6051730163
"Des Moines city, Iowa",26292,16.2,32.5,21.5,9.7,32.6,65.1,40.6,40.1,41.57413495250 -93.6165066086
"Iowa City city, Iowa",26943,29.4,43.6,10.8,8,28.5,71.1,53.8,36.8,41.65589503320 -91.5308854927
"Sioux City city, Iowa",24843,14.9,30.6,16.8,9.7,35.5,62.9,35.5,44.5,42.49631490390 -96.3913834837
"Waterloo city, Iowa",25209,18.7,41,18,9.8,35.3,64,32.8,47.3,42.49197369320 -92.3521759342
"Kansas City city, Kansas",19665,19.8,33.4,16.4,13.4,38.2,53.4,38.6,44,39.12346214090 -94.7441921112
"Lawrence city, Kansas",28002,20,31.5,7.3,8.4,28.2,68,52.4,35.9,38.95993029240 -95.2628259088
"Olathe city, Kansas",35534,5.6,22.6,3.5,8,27.3,75.2,28.4,58,38.88469302100 -94.8192070197
"Overland Park city, Kansas",43562,6.2,15.5,2.2,7.2,25.3,78.7,28.4,55.8,38.88729225750 -94.6872267067
"Topeka city, Kansas",25602,12.6,20.9,10.2,10.8,34.9,64.6,33.6,44.1,39.03595499110 -95.6954155341
"Wichita city, Kansas",26654,17.8,36.7,11.5,11.1,34.3,63.2,34,47.9,37.69056147800 -97.3429366807
"Lexington-Fayette urban county, Kentucky",32166,17.7,32.5,10,10.8,30.8,64.8,40.8,44.2,38.04232540220 -84.4587259608
"Louisville/Jefferson County metro government (balance), Kentucky",29389,15.7,28.2,12.6,11.4,32.9,60.1,36.8,42.9,38.17776899180 -85.6664099974
"Baton Rouge city, Louisiana",26954,27.8,39.4,22.4,12.6,36.8,56.2,48.6,34.5,30.45108916790 -91.1263551997
"Kenner city, Louisiana",27168,18.6,28.1,15.8,10.6,36.7,59.7,34.2,45.8,30.01069372010 -90.2550320135
"Lafayette city, Louisiana",30596,19.4,29.1,13.6,10.6,34.1,59.6,45.1,38.1,30.21205828150 -92.0317532321
"Lake Charles city, Louisiana",24372,27.5,42,18,12.7,36.9,49.9,38.8,39.4,30.20306799660 -93.2148796496
"New Orleans city, Louisiana",29183,23.7,30.9,19.5,13,34.4,55.8,50.3,31.6,30.06870099350 -89.9316317895
"Shreveport city, Louisiana",23825,30.8,44.6,22,12.7,37.1,52.7,42.2,37,32.46716188640 -93.7962236108
"Portland city, Maine",34155,18.9,32,17.2,8.2,26.2,67.6,47,34.1,43.67798362710 -70.2752544531
"Baltimore city, Maryland",29449,21.9,27.4,25.6,14,35.6,59.7,54.2,28.2,39.30845239910 -76.6160492311
"Boston city, Massachusetts",40237,21,33.5,18.6,10.8,26,65.9,56.5,32.3,42.31557967770 -71.0916505804
"Brockton city, Massachusetts",23132,19.7,32,29.4,12.4,35.9,55.7,44.7,39.9,42.08207137200 -71.0241656338
"Cambridge city, Massachusetts",46605,14.8,23.2,11.1,8.2,23.3,74.3,58.2,31.6,42.37581880510 -71.1183992378
"Fall River city, Massachusetts",23686,19.1,40.2,23.5,11.7,32.5,55.3,35.3,45.5,41.71399075980 -71.0996396919
"Lawrence city, Massachusetts",16958,24.5,33.1,47.9,15.1,35.9,53.5,48.1,37.7,42.70027722010 -71.1626790341
"Lowell city, Massachusetts",24946,19.6,24.4,22,10.8,26.7,60.2,47.1,37.1,42.63887273310 -71.3217143960
"Lynn city, Massachusetts",26188,17.6,29,25.1,11.7,31.6,60.9,41.8,40.7,42.47833228810 -70.9662372538
"New Bedford city, Massachusetts",23904,19.9,24.8,27.8,12.4,33.6,54.4,44.6,37.2,41.67126672580 -70.9441204537
"Newton city, Massachusetts",60600,4.1,18.2,3.7,6.7,20.4,79.4,34.3,54.8,42.33165676160 -71.2084466944
"Quincy city, Massachusetts",37507,10.2,15.2,7.4,9,21.9,69.7,37.8,48.3,42.24929819180 -71.0218764062
"Somerville city, Massachusetts",43728,12.6,27.8,8,8.8,24.8,70.8,61.6,29.7,42.39057388580 -71.1017450879
"Springfield city, Massachusetts",20277,24.7,37.3,32.3,14,33.1,56.8,47.9,33.7,42.11549779990 -72.5395254143
"Worcester city, Massachusetts",27354,19.3,27.6,21,10.8,31.1,62.7,47.5,34.7,42.27054254460 -71.8079404584
"Ann Arbor city, Michigan",38787,22.8,2.7,4.7,7.6,26.4,77.4,54.4,36.6,42.27568335670 -83.7311374448
"Dearborn city, Michigan",22039,30.6,28.7,24.4,9.5,31.2,63.8,34.2,51.1,42.31268846260 -83.2129368006
"Detroit city, Michigan",16784,35.7,39.6,39.6,17.6,45.2,47.2,56.5,25.4,42.38470156310 -83.1053178776
"Farmington Hills city, Michigan",45764,8.8,26.6,4.3,7.9,26.4,76.4,27.5,53.6,42.48599569920 -83.3771159714
"Flint city, Michigan",14185,44.5,58.6,45.3,15.8,42.7,52.4,47.9,30.6,43.02363393860 -83.6920640313
"Grand Rapids city, Michigan",23173,21.9,33.3,19.2,11,35.1,64.5,46.8,39.3,42.96148154140 -85.6556858473
"Kalamazoo city, Michigan",20200,30.9,38.9,19.8,11.5,41.2,61.4,55.5,28.3,42.27487564740 -85.5881885760
"Lansing city, Michigan",21710,26.4,44.3,22.4,11.6,36.1,63.2,45.9,33,42.70907117510 -84.5584470022
"Livonia city, Michigan",35987,6.3,6.8,6.5,7.2,25.7,76.4,26.9,56.7,42.39715927370 -83.3733073683
"Rochester Hills city, Michigan",39848,6,13.2,4.4,7.2,24.7,77.8,27.5,57.6,42.66452567680 -83.1563037157
"Southfield city, Michigan",31191,12.7,13.4,11.6,12.1,36.7,66.8,40.9,36.2,42.47650162670 -83.2605284738
"Sterling Heights city, Michigan",27885,11.8,19.8,12.8,8.7,30.9,69.8,30.9,53.4,42.58098528300 -83.0303680858
"Troy city, Michigan",47502,4.1,18.8,4.7,7.4,23.2,77.7,26.4,61.5,42.58173403580 -83.1457545154
"Warren city, Michigan",23006,18.1,23.2,18.7,10.1,34.9,63.1,36.1,46.2,42.49342330340 -83.0270075248
"Westland city, Michigan",26914,11.3,24.5,14.2,9.4,31,66.6,35.2,41.9,42.31922204550 -83.3805461719
"Wyoming city, Michigan",23424,14.2,29.1,13.5,9.9,32.6,66.7,36.8,45.6,42.89097456610 -85.7067229249
"Bloomington city, Minnesota",40124,6.3,4.6,6.7,6.7,23.1,74.9,31.2,49.6,44.83058524290 -93.3150995817
"Brooklyn Park city, Minnesota",27604,14.5,15.6,13.5,8.3,25.4,69,38.7,48.8,45.11120339160 -93.3505067942
"Duluth city, Minnesota",28070,18.7,33.8,12.6,8.1,30.1,67.2,46.7,36.4,46.78547034270 -92.1342013763
"Minneapolis city, Minnesota",34527,20.4,37.3,16,8.6,26.7,68.7,51.3,35.7,44.96354079670 -93.2678345304
"Plymouth city, Minnesota",50337,3.8,15,2.2,5.9,20.9,79.7,24.8,62.9,45.02246287400 -93.4616016242
"Rochester city, Minnesota",35180,11.2,30.6,8.3,7,27.1,72.3,34,50.6,44.01505743840 -92.4775005494
"St. Paul city, Minnesota",29123,19.2,28.5,18.2,9.1,29.6,64.7,44.8,40,44.94774025580 -93.1039958305
"Gulfport city, Mississippi",22646,19.2,43.2,16,12.4,34.6,55.2,32,44.1,30.42737700800 -89.0701908439
"Jackson city, Mississippi",22913,22,28.9,20.2,15.1,40.6,49.5,47.1,34.2,32.31627222000 -90.2124528561
"Columbia city, Missouri",29685,19.7,31.4,8,8.9,29.2,62.8,49.3,39.2,38.94811096510 -92.3260129764
"Independence city, Missouri",27205,15.6,32.9,11.6,9.7,32.2,56.5,31.4,47,39.08707947710 -94.3502748237
"Kansas City city, Missouri",29524,16.4,29.1,13.5,11.5,34.7,55.9,39.5,42.2,39.12394139710 -94.5541236795
"Lee's Summit city, Missouri",37955,7.1,26.5,4.4,7.7,27.5,68.8,25.3,61.5,38.91705081280 -94.3814865856
"O'Fallon city, Missouri",35977,3.3,6.2,5.7,7.7,24.9,66.2,26.9,57.8,38.78522441610 -90.7176856736
"St. Joseph city, Missouri",24956,20.4,39.2,17.2,9.9,32.4,52.5,34.5,46.5,39.75983121790 -94.8209246813
"St. Louis city, Missouri",28794,23.8,38.3,20.1,13.8,37,51.9,51.3,31.3,38.63581226150 -90.2451186799
"Springfield city, Missouri",20609,24.6,37.5,13.9,10,35.9,52,39.6,38.4,37.19426614840 -93.2914273656
"Billings city, Montana",31506,8.6,12.4,8,7.7,27.6,62.9,30.5,50.1,45.78931026090 -108.548827840
"Missoula city, Montana",28589,19.3,21.1,18,7.4,25.5,66.4,45.8,36.2,46.86944024550 -114.009863843
"Lincoln city, Nebraska",29370,13.7,27.1,10,7.7,27.8,68.3,38.6,47.4,40.80961956950 -96.6806742049
"Omaha city, Nebraska",30163,14.4,22.7,12,9.4,30.6,64.1,36.7,46.8,41.26423091110 -96.0415076441
"Henderson city, Nevada",35030,8.5,20.9,7.3,8.5,26.1,65.1,27.8,51.1,36.01223949160 -115.037392161
"Las Vegas city, Nevada",26830,15.6,30.9,15.4,10.8,30.3,56.1,36,44.1,36.22741484380 -115.262670095
"North Las Vegas city, Nevada",22138,14.2,23.7,17.9,12.5,32.4,52,36.9,45.8,36.28919935620 -115.088496088
"Reno city, Nevada",29693,15.1,30.1,13.9,8.8,22.8,60.4,35.9,44.8,39.55401719980 -119.852733516
"Sparks city, Nevada",28353,9.7,31.2,11.6,8.7,22.6,60.8,28.4,53.3,39.57337327600 -119.713134168
"Manchester city, New Hampshire",28722,14.1,26.6,12.8,9,31.2,63.5,36.2,43.1,42.98445417130 -71.4445313287
"Nashua city, New Hampshire",34291,9.1,20.3,10.3,8.5,29.4,66.7,29.8,49.1,42.74915544590 -71.4909587631
"Clifton city, New Jersey",32227,8.6,13,13.4,8.6,25.9,68.7,33.1,53.3,40.86312174250 -74.1575145342
"Elizabeth city, New Jersey",18797,20.4,28.5,20.3,13.1,32.7,53.5,45.9,41,40.66644477290 -74.1938679138
"Jersey City city, New Jersey",37995,17.2,27.4,16.9,11.3,25.4,60.8,44.7,43.8,40.71881308520 -74.0687740635
"Newark city, New Jersey",18553,28.2,39.4,27,15.7,37.6,49.8,54,33.6,40.72606934490 -74.1752997118
"Passaic city, New Jersey",17186,31.6,49.9,36.5,14.7,35.6,48.7,44.4,44.2,40.85745811090 -74.1281123174
"Paterson city, New Jersey",18637,28.5,41.7,40.7,15.1,37.3,49.4,50.9,35.6,40.91468749770 -74.1624181271
"Trenton city, New Jersey",18748,27.8,33.6,30.8,15.2,39.3,47.9,49.7,36.5,40.22372899810 -74.7639943311
"Union City city, New Jersey",22277,17.3,25.1,23.5,14,31.4,51.5,44.6,39.7,40.76746068840 -74.0322935070
"Albuquerque city, New Mexico",28560,17.1,31,15.9,9.3,25.5,64.2,37.2,43.5,35.10550257710 -106.647447696
"Las Cruces city, New Mexico",20986,25.9,35.8,22,10.3,28.8,64,40.2,40.7,32.32663879700 -106.789465579
"Rio Rancho city, New Mexico",28778,13.6,24.2,10.4,8.2,25,65.2,28,53,35.28730793500 -106.697981552
"Santa Fe city, New Mexico",35427,14.3,17.9,9.1,7.9,19.4,66.9,37.2,39.9,35.66627196010 -105.972662995
"Albany city, New York",25969,23.9,32.5,23.1,10.9,31.1,60.6,55.2,29.5,42.66639696040 -73.7986826267
"Buffalo city, New York",22300,30.5,35.8,33.8,12.8,36.3,54.7,53.3,31.4,42.90145182330 -78.8475237264
"Mount Vernon city, New York",30377,16.9,15.5,20.1,12.5,33.5,56.4,43.6,38.2,40.91360085690 -73.8291001676
"New Rochelle city, New York",40998,12.5,23.6,9.6,9.3,26.7,64.9,40.3,46.6,40.93217131410 -73.7843883178
"New York city, New York",35508,18.9,27.6,19.7,11.2,26.3,61.3,44.5,42.4,40.69496068900 -73.9313850409
"Rochester city, New York",21013,32.3,43.6,34,13.3,38.6,55.1,56.6,26.8,43.16798029180 -77.6162348882
"Schenectady city, New York",22096,17.2,37.7,26.7,10.8,32.5,58,46.1,35.5,42.80252044140 -73.9275333869
"Syracuse city, New York",22202,32.1,49.2,30.9,11.8,33.7,54.9,53.5,30.7,43.04092020970 -76.1437679213
"Yonkers city, New York",32080,15.5,21.5,15.5,10.2,28.2,60.7,38.7,46.5,40.94650255970 -73.8636959965
"Asheville city, North Carolina",28146,15.6,12.4,10.6,8.7,26.4,67.5,44.3,37.6,35.57082513910 -82.5537350816
"Cary town, North Carolina",46035,4.4,6.7,4.5,6.8,21.2,73.6,21.5,64.9,35.78149787220 -78.8152191642
"Charlotte city, North Carolina",34461,13.4,23.8,10.6,10.3,27.8,62.2,40.6,45.3,35.20787219690 -80.8300754645
"Concord city, North Carolina",30214,15.5,31.6,8.5,9.4,28.2,60.5,29.4,52.7,35.39393169580 -80.6352429349
"Durham city, North Carolina",30850,17.1,36.1,12.9,10.8,31.3,65,43.9,42.2,35.98091474020 -78.9059161097
"Fayetteville city, North Carolina",22749,20.5,36,18.1,11.8,34.6,63.1,37.4,43.9,35.08513095270 -78.9791676456
"Gastonia city, North Carolina",31468,18.3,29,18.5,11.2,32.6,54.5,32.4,48.2,35.24729844310 -81.1836588468
"Greensboro city, North Carolina",27563,22.8,37.3,16.8,10.7,32.8,59.2,42.4,40.3,36.09604804150 -79.8276833061
"Greenville city, North Carolina",24887,30.3,39.2,16.3,11.3,32,60.8,55.4,32.5,35.59592118760 -77.3766133673
"High Point city, North Carolina",24160,20.2,31.9,23.7,11.1,32.7,57,38.1,41.7,35.98812438030 -79.9932956384
"Raleigh city, North Carolina",37866,12.1,24.9,8.1,9.2,27.4,64.8,42.8,43,35.83220809330 -78.6440243809
"Wilmington city, North Carolina",28848,24.7,43.9,13.7,9.5,28.2,65,44.7,38.9,34.21027585690 -77.8872842368
"Winston-Salem city, North Carolina",27789,21.8,31.3,13.8,11.6,34.8,60.7,38.6,45.1,36.10294530390 -80.2609889241
"Fargo city, North Dakota",32732,13.8,38.5,8.6,7.5,31.7,71.7,43,43.8,46.86524578320 -96.8289882328
"Akron city, Ohio",21852,23.7,34.9,23.8,13,37.3,51.3,43.7,36.6,41.08014449420 -81.5219213688
"Canton city, Ohio",18265,31.5,47.8,26.7,13.3,38.6,50.9,40.9,35.8,40.80801926620 -81.3676594998
"Cincinnati city, Ohio",28465,26,38.5,21.6,13.8,36.5,58.1,51.8,31.7,39.14117471240 -84.5060004524
"Cleveland city, Ohio",19137,35,46.2,35.4,16.8,42.1,48.7,51.1,28.8,41.47653458210 -81.6805494865
"Columbus city, Ohio",26573,21,32.8,15.6,12.4,35,63.2,45.2,38,39.98595004840 -82.9851738516
"Dayton city, Ohio",19726,32,53.6,27.5,15.9,47.2,48.5,49.7,29.7,39.77976803900 -84.1997930517
"Parma city, Ohio",26604,8.6,23.3,12.2,9.2,29.8,67.7,31,49.3,41.38423998380 -81.7285991530
"Toledo city, Ohio",21147,26.3,41.8,25.8,13.3,41,57,40.8,34.9,41.66373996040 -83.5823818449
"Youngstown city, Ohio",18169,35.2,44.3,36.5,16.2,43.8,45.2,49.2,26.8,41.09932866070 -80.6463187081
"Broken Arrow city, Oklahoma",30561,8.6,22.4,6.3,8.7,27.2,61.7,24.2,60,36.03663249110 -95.7809572414
"Edmond city, Oklahoma",40550,10.6,34,5.4,7.7,26.8,68,29.9,56.6,35.66893505160 -97.4159205309
"Lawton city, Oklahoma",24517,17.5,27.1,18.5,12,35.4,50.2,34.6,44.1,34.61705648990 -98.4203934803
"Norman city, Oklahoma",28562,19.5,24.5,9.5,9.3,30.6,62.5,43.3,42.4,35.23350326470 -97.3470413838
"Oklahoma City city, Oklahoma",28100,16.8,35,13.7,10.9,32.4,56.3,34,48.1,35.46756428800 -97.5137615524
"Tulsa city, Oklahoma",28072,20.5,40,16,11.1,31.7,52.8,34.8,44.2,36.12842134250 -95.9036195464
"Beaverton city, Oregon",34414,9.6,22.2,13,8.2,25.1,67.1,33.8,49,45.47957656740 -122.814973469
"Bend city, Oregon",30751,10.4,14.8,14.9,7.4,26.1,68.7,30.6,48.7,44.05618271840 -121.308690416
"Eugene city, Oregon",27363,21.6,30.7,20.8,7.9,28.7,65.1,42.7,40.3,44.05593633460 -123.117327584
"Gresham city, Oregon",25891,15.6,30.9,20,9.5,26.9,60.4,34.2,48.2,45.50242567980 -122.441469029
"Hillsboro city, Oregon",32296,10.4,16.9,11,8.6,26,65.5,30.2,56.5,45.52902799400 -122.937442209
"Medford city, Oregon",27739,13.3,17.7,22.5,9,29.7,57.2,27.1,49.9,42.33719875840 -122.853625909
"Portland city, Oregon",37513,14.7,23.8,16.8,8.6,24.3,66.9,41.3,42.1,45.53718065400 -122.650032751
"Salem city, Oregon",25770,14.9,19.4,19,9.3,32.6,61.9,34.5,45.1,44.92327315400 -123.024867100
"Allentown city, Pennsylvania",18507,30.2,33.8,32.8,13.2,36.6,53.4,49,33.2,40.59609961800 -75.4755373968
"Bethlehem city, Pennsylvania",26096,18.1,29.9,18.9,10.6,33.6,61.6,43.6,38.1,40.62664025780 -75.3679048175
"Erie city, Pennsylvania",19435,27.3,43.2,29.6,11.7,36,57.2,44.1,36.3,42.11646987540 -80.0730358517
"Philadelphia city, Pennsylvania",24685,25.7,32,25.8,13.2,33.9,55.3,51.7,33,40.00931478080 -75.1333888571
"Pittsburgh city, Pennsylvania",30244,19.2,27.6,16.4,11,33.1,60.3,51.8,32.4,40.43962974860 -79.9762614995
"Reading city, Pennsylvania",13652,36.8,47.8,44.8,16.1,41.7,47.8,48.9,32.8,40.33996786860 -75.9266128837
"Scranton city, Pennsylvania",21322,24.5,30.4,25.8,10.5,32.1,59.2,42.7,39.6,41.40437293620 -75.6649126898
"Cranston city, Rhode Island",32011,6,2.2,9.5,8.4,25.5,70.5,39.4,43.2,41.76580171350 -71.4861485002
"Pawtucket city, Rhode Island",26192,15.6,29.2,23.1,10.8,30.3,61.4,41,39.3,41.87445345170 -71.3743580803
"Providence city, Rhode Island",23911,24.7,36.4,31.5,12.7,31.6,58.9,54.2,33.4,41.82348053300 -71.4218129335
"Warwick city, Rhode Island",37017,8.6,20.4,13.9,7.7,28.9,72.1,31.1,46.2,41.70647273010 -71.4345615049
"Charleston city, South Carolina",39960,15.2,29.2,7.9,9.8,28,66.1,44.6,41,32.81369618920 -79.9673818990
"Columbia city, South Carolina",28345,19.9,29.3,16.8,13.2,34.4,56.7,57.3,29,34.03660695660 -80.9037852694
"Mount Pleasant town, South Carolina",50830,4.2,11.4,1.7,7.1,22.7,75.3,24.6,59.3,32.85382745840 -79.8230343029
"North Charleston city, South Carolina",21073,25.8,38.1,18.4,13.7,35.5,52,46.1,35.5,32.91009150710 -80.0738525014
"Rock Hill city, South Carolina",22528,20.4,34.4,15.3,12,33.8,57.5,40.7,41.5,34.94036114960 -81.0249178286
"Rapid City city, South Dakota",26753,18.2,40,14.7,8.2,28.1,65.9,34.9,44.7,44.07050095640 -103.218361421
"Sioux Falls city, South Dakota",31988,10.3,17.7,9.1,7.7,30.5,69.4,34.6,49.1,43.53880675370 -96.7313495858
"Chattanooga city, Tennessee",27135,20.2,30.7,16.6,12.6,35.1,54.2,39.8,38.6,35.06624721650 -85.2466771892
"Clarksville city, Tennessee",23392,14.8,38.1,12.6,11.4,30.8,56.9,29.1,54.2,36.56968315900 -87.3432371614
"Knoxville city, Tennessee",22941,25.4,36.9,18,11.2,32.4,56.4,44.4,35.2,35.96905945310 -83.9495877264
"Memphis city, Tennessee",23509,26.9,37.1,21.1,14.9,36.3,49.5,47.6,34.8,35.10462950420 -89.9789060850
"Murfreesboro city, Tennessee",28089,13.2,27.6,10,10.2,29.9,59.1,42.2,44.2,35.85077819500 -86.4086282380
"Nashville-Davidson metropolitan government (balance), Tennessee",31842,15.1,22.8,11.8,11.3,31.1,56.9,41.1,41.9,36.17122299040 -86.7845944773
"Abilene city, Texas",21253,19.6,29.3,15.5,10.9,33.7,55,38.8,44.9,32.45465108980 -99.7383043723
"Allen city, Texas",40137,3.7,7.6,5.8,7.8,24.2,71.7,25.9,64.1,33.10870432340 -96.6735373763
"Amarillo city, Texas",27659,16.4,27,12.9,10.4,32,57.1,28.3,54,35.20038355440 -101.828292514
"Arlington city, Texas",26136,15.9,23.3,11.4,10.9,32.2,58.4,37.6,46.7,32.69983686200 -97.1250896120
"Austin city, Texas",39103,13.5,26.9,7.4,9.7,26,63.7,44,41.9,30.30686103420 -97.7554771245
"Baytown city, Texas",24042,11.6,20.5,19.1,12.3,34.4,53.1,34.4,50.7,29.75711530430 -94.9676276217
"Beaumont city, Texas",25965,18.7,33.5,13.6,13.4,37.4,51.9,37.9,43.5,30.08441664700 -94.1441072222
"Brownsville city, Texas",15217,28.6,39,29,16.9,39.9,44.3,33.8,52.1,25.99819778610 -97.4566343763
"Bryan city, Texas",23450,24.7,45.9,12.2,12.6,34.8,61.1,43.1,43.5,30.66656875820 -96.3663819223
"Carrollton city, Texas",33565,10,17.4,5.6,9.6,26.8,62.9,33.4,52.1,32.98843845900 -96.9001374330
"College Station city, Texas",25689,31.1,32.3,4.3,9.5,28.3,71.2,61.9,32.7,30.58676158010 -96.2957958614
"Corpus Christi city, Texas",26481,14.1,28.5,15.3,12.6,37.3,56.7,34.9,47.7,27.72915883370 -97.4019095379
"Dallas city, Texas",30739,19.4,32.2,13.4,13.2,34.3,53.5,41.6,43.7,32.79398040660 -96.7656929463
"Denton city, Texas",25915,18.7,32.6,11.9,9.7,29.9,59.4,47.4,37.8,33.21561604430 -97.1412438684
"Edinburg city, Texas",18185,27.6,59.6,25.9,15.1,36.5,55.1,38.2,49.3,26.31558439740 -98.1637130371
"El Paso city, Texas",20655,22.1,34.9,20.5,14.9,35.5,54,36.7,46.8,31.84811235060 -106.432021874
"Fort Worth city, Texas",26735,17.5,33.9,15.3,12.5,34.2,55.4,35.9,48.7,32.78019280400 -97.3470323225
"Frisco city, Texas",52718,4.3,14.5,2.5,7.5,23.7,73.2,22.1,66.8,33.15075451520 -96.8201336312
"Garland city, Texas",22451,13.8,22.9,11.5,11.5,30.8,56.2,33,53,32.91007998670 -96.6304258603
"Grand Prairie city, Texas",24458,10.3,17.1,13.4,11.9,32,57.2,31.8,53,32.68676502380 -97.0209311916
"Houston city, Texas",30080,20.8,35.2,14.9,13,33.9,53.9,40.9,44.7,29.78066913960 -95.3860033966
"Irving city, Texas",28568,13.2,26.4,9.2,11.5,29.7,57.8,36.4,49.6,32.85838081310 -96.9703058323
"Killeen city, Texas",21777,13,34.2,16.3,12.5,33.8,57.5,31,54.6,31.07576481430 -97.7285651299
"Laredo city, Texas",15842,32.4,50.5,25.8,16.8,38.6,46.1,36.3,51.3,27.54825724750 -99.4867797312
"League City city, Texas",40160,4.3,7.2,4.2,8,26.8,72.2,27.5,59.4,29.48729958080 -95.1089858945
"Lewisville city, Texas",29190,12.1,30,8.5,9.7,28.3,61.3,33.9,51.5,33.04519924290 -96.9829273031
"Longview city, Texas",23380,18.7,50.1,18.5,11.4,35.7,53.5,30.4,47.4,32.51928578560 -94.7621975980
"Lubbock city, Texas",25495,20.4,23.7,14.2,10.9,33,57.5,41.3,42.1,33.56662511780 -101.886335663
"McAllen city, Texas",21245,26.7,37.7,21.9,14.6,35.6,56.3,33.8,50.2,26.21862899420 -98.2451704536
"McKinney city, Texas",35949,8.1,26.3,3.7,8.6,27,68.3,26.4,61.5,33.19888869520 -96.6677029773
"Mesquite city, Texas",22610,15.5,23.1,14.1,11.2,32.1,57.3,34.9,48,32.76413101660 -96.5927445114
"Midland city, Texas",36409,9.6,18.6,7.6,10.2,32.1,60.4,29.7,51.5,32.02859483560 -102.109700973
"Mission city, Texas",19189,22,46.4,22.6,14.3,35.8,55.5,31.7,51.3,26.20334064640 -98.3227705130
"Odessa city, Texas",31258,12.2,19.7,13.8,11.7,35,53.7,35.5,46.4,31.87945646100 -102.344465435
"Pasadena city, Texas",22565,17.7,29.3,16.7,12.2,33.6,52.7,35.6,48.2,29.65895114880 -95.1509173148
"Pearland city, Texas",35439,4.4,8.2,2.6,8.9,27.5,68.3,26.8,61.6,29.55848505770 -95.3208389111
"Plano city, Texas",43296,6.7,19.8,2.6,8,24,70.5,28.4,58.4,33.05021492780 -96.7486409797
"Richardson city, Texas",37030,9.4,19.3,4.4,8.3,24.7,68.8,30.1,54.6,32.97165823890 -96.7093052991
"Round Rock city, Texas",30602,7.3,16.7,8.7,9.1,32.2,65,34.4,50.8,30.52395782350 -97.6669801882
"San Angelo city, Texas",26725,12.7,23.4,12.1,11.3,34.2,55.6,35.1,46,31.44046874600 -100.452243142
"San Antonio city, Texas",23921,18.5,30.5,14.6,13.8,32.9,58.9,38.6,44.2,29.47214753330 -98.5246763525
"Sugar Land city, Texas",51699,5.7,18.1,1.5,8.4,21.1,69,24.5,64,29.59746809020 -95.6274557750
"Tyler city, Texas",25522,21.7,37.2,10.9,11.5,34.7,58,34.1,44.4,32.31540211830 -95.3050093799
"Waco city, Texas",22348,25.9,38.3,14.3,13.1,36.4,49.1,43.3,38.2,31.55976071370 -97.1883333282
"Wichita Falls city, Texas",22200,19.2,36.5,17.5,11.4,34.1,59.3,38,44.5,33.90727398380 -98.5292981697
"Layton city, Utah",26381,7.4,26,7.6,7.7,27,71.2,25.7,63.5,41.07718161400 -111.961589302
"Ogden city, Utah",22014,17.6,23.7,13.9,10.4,33.9,60.1,34.7,46.4,41.22815675350 -111.967450557
"Orem city, Utah",23178,11.9,31.7,9,7.9,28,66.1,30.8,58.4,40.29871276250 -111.699188517
"Provo city, Utah",18888,26.4,27.8,8.5,8.3,29.4,63,51.4,43,40.24571852880 -111.645715857
"St. George city, Utah",24952,14.2,26.6,8,7.8,26.1,66.4,32.1,53.8,37.07874446340 -113.579352503
"Salt Lake City city, Utah",32494,16.1,21.7,7.8,9.1,28.2,64.2,42.4,42.5,40.77784894650 -111.931220784
"Sandy city, Utah",37959,4.2,17.9,3.4,7.1,24.7,72.2,25.7,59.5,40.57022544230 -111.852431062
"West Jordan city, Utah",24726,3.3,2.1,6,8.1,26.5,68.1,30.8,55.9,40.60225986350 -112.000961848
"West Valley City city, Utah",21984,10.3,21.9,10,10.5,30.4,57.2,32.6,52,40.68876969620 -112.011667394
"Alexandria city, Virginia",56469,12.5,29,5,8.1,23.3,75.2,41.9,44.8,38.81873515570 -77.0867762661
"Chesapeake city, Virginia",32930,8,18.3,7.9,9.4,31.4,71.8,32.1,51.6,36.67775211180 -76.3024325925
"Hampton city, Virginia",27637,17.4,19.3,13,11.7,37.7,65.2,39.5,38.1,37.05330090250 -76.3665945624
"Lynchburg city, Virginia",22506,14.6,26.3,15.1,10.9,32.2,61.5,50.8,33.3,37.40041630160 -79.1911081000
"Newport News city, Virginia",25838,13.4,22.1,11.9,10.8,32.8,63.8,39.9,43.2,37.10511413090 -76.5182644502
"Norfolk city, Virginia",27240,19.9,36.3,15.6,11.6,33.1,62.8,46.3,38.1,36.89328630060 -76.2567157761
"Portsmouth city, Virginia",25100,17,30.2,17.8,12.5,38.6,59.1,42.6,38.1,36.84514502280 -76.3552763467
"Richmond city, Virginia",31256,26.8,46.9,17.7,12.5,33.1,62.2,53,28.7,37.52939330830 -77.4755681680
"Roanoke city, Virginia",22370,24.5,30.8,16.3,11,32.7,61.2,36.3,42.9,37.27821818550 -79.9581615989
"Suffolk city, Virginia",32848,11.3,23,11.8,10.7,33.6,65.4,28.8,53.8,36.69303679810 -76.6414278469
"Virginia Beach city, Virginia",35036,7.9,15.5,6,8.4,29.5,71.6,31.7,52.2,36.75345933390 -76.0589579522
"Auburn city, Washington",30034,10.7,18.2,17.6,8.9,27,63.9,31.8,48.1,47.30385443250 -122.210810557
"Bellevue city, Washington",59724,5.9,13.4,5.5,6.5,18.8,76.6,27.8,60.6,47.59624376060 -122.153569982
"Bellingham city, Washington",25886,22.5,29,15.5,8.3,27,66.6,50.6,35.6,48.75353703150 -122.468092906
"Everett city, Washington",30199,16.3,30.4,20.4,9.5,32.3,62.7,38,40.3,47.94979661890 -122.160703911
"Federal Way city, Washington",30534,13.8,23.8,16,9,25.9,64.5,33.9,50.8,47.30908463160 -122.335755583
"Kennewick city, Washington",26328,12.6,18,15.8,9.5,31.2,61.2,35,46.6,46.19843842800 -119.173245847
"Kent city, Washington",29867,14,30.2,19.2,9.4,26.5,62.3,36.4,47.4,47.38496362720 -122.217890194
"Renton city, Washington",36938,10.5,17.8,15.7,8.4,23.5,67.6,37.7,46,47.47605467520 -122.191153327
"Seattle city, Washington",55184,11.5,18.7,8.4,7.5,22.4,73,44.4,42.4,47.62215433800 -122.323532482
"Spokane city, Washington",26382,17.7,25.7,21.4,9,32.6,62.5,34.2,43.6,47.67362432590 -117.415973291
"Spokane Valley city, Washington",25663,11,15.8,15.6,8.5,31.5,64.8,28.9,50.6,47.66255657400 -117.234571922
"Tacoma city, Washington",29417,16.3,32.7,19.2,9.6,30.8,63.2,37.6,42.7,47.24254114450 -122.454473910
"Vancouver city, Washington",30837,12.4,22.1,18.6,9,29.5,64.9,29.9,50,45.63571723650 -122.598539476
"Yakima city, Washington",20868,22.6,46,23.5,11.1,34.2,55.1,35.8,44.9,46.59257920920 -120.547807614
"Appleton city, Wisconsin",29979,13.7,38.5,10.3,8,29.6,71,33.1,51.6,44.27769874570 -88.3897664444
"Green Bay city, Wisconsin",25970,15.6,28.7,14.8,9.3,32.3,67.1,41.6,41.5,44.51498478160 -87.9896195955
"Kenosha city, Wisconsin",26428,18.9,51.6,23.4,9.6,35.3,63.4,34.9,46.1,42.58557027100 -87.8735745085
"Madison city, Wisconsin",36181,16.9,26.9,8.4,7.6,27.5,73.4,49.3,38.8,43.08098656940 -89.3915106344
"Milwaukee city, Wisconsin",21521,26.7,37.7,29.6,13.1,39,57.4,53.8,30.9,43.06412589250 -87.9672412429
"Racine city, Wisconsin",19688,23.9,47.9,29.3,10.9,36.9,59.9,40.9,40.6,42.72745994940 -87.8134530240
"Waukesha city, Wisconsin",32081,12.7,34.5,13.2,8,30.7,72,37.7,45.9,43.00933322150 -88.2457679157